date,jackpot
1982-06-12,0.0
1982-06-19,0.0
1982-06-26,0.0
1982-07-03,0.0
1982-07-10,0.0
1982-07-17,0.0
1982-07-24,0.0
1982-07-31,0.0
1982-08-07,0.0
1982-08-14,0.0
1982-08-21,0.0
1982-08-28,0.0
1982-09-04,0.0
1982-09-11,0.0
1982-09-18,0.0
1982-09-25,0.0
1982-10-02,0.0
1982-10-09,0.0
1982-10-16,0.0
1982-10-23,0.0
1982-10-30,0.0
1982-11-06,0.0
1982-11-13,0.0
1982-11-20,0.0
1982-11-27,0.0
1982-12-04,0.0
1982-12-11,0.0
1982-12-18,0.0
1982-12-25,0.0
1983-01-01,0.0
1983-01-08,0.0
1983-01-15,0.0
1983-01-22,0.0
1983-01-29,0.0
1983-02-05,0.0
1983-02-12,0.0
1983-02-19,0.0
1983-02-26,0.0
1983-03-05,0.0
1983-03-12,0.0
1983-03-19,0.0
1983-03-26,0.0
1983-04-02,0.0
1983-04-09,0.0
1983-04-16,0.0
1983-04-23,0.0
1983-04-30,0.0
1983-05-07,0.0
1983-05-14,0.0
1983-05-21,0.0
1983-05-28,0.0
1983-06-04,0.0
1983-06-11,0.0
1983-06-18,0.0
1983-06-25,0.0
1983-07-02,0.0
1983-07-09,0.0
1983-07-16,0.0
1983-07-23,0.0
1983-07-30,0.0
1983-08-06,0.0
1983-08-13,0.0
1983-08-20,0.0
1983-08-27,0.0
1983-09-03,0.0
1983-09-10,0.0
1983-09-17,0.0
1983-09-24,0.0
1983-10-01,0.0
1983-10-08,0.0
1983-10-15,0.0
1983-10-22,0.0
1983-10-29,0.0
1983-11-05,0.0
1983-11-12,0.0
1983-11-19,0.0
1983-11-26,0.0
1983-12-03,0.0
1983-12-10,0.0
1983-12-17,0.0
1983-12-24,0.0
1983-12-31,0.0
1984-01-07,0.0
1984-01-14,0.0
1984-01-21,0.0
1984-01-28,0.0
1984-02-04,0.0
1984-02-11,0.0
1984-02-18,0.0
1984-02-25,0.0
1984-03-03,0.0
1984-03-10,0.0
1984-03-17,0.0
1984-03-24,0.0
1984-03-31,0.0
1984-04-07,0.0
1984-04-14,0.0
1984-04-21,0.0
1984-04-28,0.0
1984-05-05,0.0
1984-05-12,0.0
1984-05-19,0.0
1984-05-26,0.0
1984-06-02,0.0
1984-06-09,0.0
1984-06-16,0.0
1984-06-23,0.0
1984-06-30,0.0
1984-07-07,0.0
1984-07-14,0.0
1984-07-21,0.0
1984-07-28,0.0
1984-08-04,0.0
1984-08-11,0.0
1984-08-18,0.0
1984-08-25,0.0
1984-09-01,0.0
1984-09-08,0.0
1984-09-15,0.0
1984-09-22,0.0
1984-09-29,0.0
1984-10-06,0.0
1984-10-13,0.0
1984-10-20,0.0
1984-10-27,0.0
1984-11-03,0.0
1984-11-10,0.0
1984-11-17,0.0
1984-11-24,0.0
1984-12-01,0.0
1984-12-08,0.0
1984-12-15,0.0
1984-12-22,0.0
1984-12-29,0.0
1985-01-05,0.0
1985-01-12,0.0
1985-01-19,0.0
1985-01-26,0.0
1985-02-02,0.0
1985-02-09,0.0
1985-02-16,0.0
1985-02-23,0.0
1985-03-02,0.0
1985-03-09,0.0
1985-03-16,0.0
1985-03-23,0.0
1985-03-30,0.0
1985-04-06,0.0
1985-04-13,0.0
1985-04-20,0.0
1985-04-27,0.0
1985-05-04,0.0
1985-05-11,0.0
1985-05-18,0.0
1985-05-25,0.0
1985-06-01,0.0
1985-06-08,0.0
1985-06-15,0.0
1985-06-22,0.0
1985-06-29,0.0
1985-07-06,0.0
1985-07-13,0.0
1985-07-20,0.0
1985-07-27,0.0
1985-08-03,0.0
1985-08-10,0.0
1985-08-17,0.0
1985-08-24,0.0
1985-08-31,0.0
1985-09-07,0.0
1985-09-11,0.0
1985-09-14,0.0
1985-09-18,0.0
1985-09-21,0.0
1985-09-25,0.0
1985-09-28,0.0
1985-10-02,0.0
1985-10-05,0.0
1985-10-09,0.0
1985-10-12,0.0
1985-10-16,0.0
1985-10-19,0.0
1985-10-23,0.0
1985-10-26,0.0
1985-10-30,0.0
1985-11-02,0.0
1985-11-06,0.0
1985-11-09,0.0
1985-11-13,0.0
1985-11-16,0.0
1985-11-20,0.0
1985-11-23,0.0
1985-11-27,0.0
1985-11-30,0.0
1985-12-04,0.0
1985-12-07,0.0
1985-12-11,0.0
1985-12-14,0.0
1985-12-18,0.0
1985-12-21,0.0
1985-12-25,0.0
1985-12-28,0.0
1986-01-01,0.0
1986-01-04,0.0
1986-01-08,0.0
1986-01-11,0.0
1986-01-15,0.0
1986-01-18,0.0
1986-01-22,0.0
1986-01-25,0.0
1986-01-29,0.0
1986-02-01,0.0
1986-02-05,0.0
1986-02-08,0.0
1986-02-12,0.0
1986-02-15,0.0
1986-02-19,0.0
1986-02-22,0.0
1986-02-26,0.0
1986-03-01,0.0
1986-03-05,0.0
1986-03-08,0.0
1986-03-12,0.0
1986-03-15,0.0
1986-03-19,0.0
1986-03-22,0.0
1986-03-26,0.0
1986-03-29,0.0
1986-04-02,0.0
1986-04-05,0.0
1986-04-09,0.0
1986-04-12,0.0
1986-04-16,0.0
1986-04-19,0.0
1986-04-23,0.0
1986-04-26,0.0
1986-04-30,0.0
1986-05-03,0.0
1986-05-07,0.0
1986-05-10,0.0
1986-05-14,0.0
1986-05-17,0.0
1986-05-21,0.0
1986-05-24,0.0
1986-05-28,0.0
1986-05-31,0.0
1986-06-04,0.0
1986-06-07,0.0
1986-06-11,0.0
1986-06-14,0.0
1986-06-18,0.0
1986-06-21,0.0
1986-06-25,0.0
1986-06-28,0.0
1986-07-02,0.0
1986-07-05,0.0
1986-07-09,0.0
1986-07-12,0.0
1986-07-16,0.0
1986-07-19,0.0
1986-07-23,0.0
1986-07-26,0.0
1986-07-30,0.0
1986-08-02,0.0
1986-08-06,0.0
1986-08-09,0.0
1986-08-13,0.0
1986-08-16,0.0
1986-08-20,0.0
1986-08-23,0.0
1986-08-27,0.0
1986-08-30,0.0
1986-09-03,0.0
1986-09-06,0.0
1986-09-10,0.0
1986-09-13,0.0
1986-09-17,0.0
1986-09-20,0.0
1986-09-24,0.0
1986-09-27,0.0
1986-10-01,0.0
1986-10-04,0.0
1986-10-08,0.0
1986-10-11,0.0
1986-10-15,0.0
1986-10-18,0.0
1986-10-22,0.0
1986-10-25,0.0
1986-10-29,0.0
1986-11-01,0.0
1986-11-05,0.0
1986-11-08,0.0
1986-11-12,0.0
1986-11-15,0.0
1986-11-19,0.0
1986-11-22,0.0
1986-11-26,0.0
1986-11-29,0.0
1986-12-03,0.0
1986-12-06,0.0
1986-12-10,0.0
1986-12-13,0.0
1986-12-17,0.0
1986-12-20,0.0
1986-12-24,0.0
1986-12-27,0.0
1986-12-31,0.0
1987-01-03,0.0
1987-01-07,0.0
1987-01-10,0.0
1987-01-14,0.0
1987-01-17,0.0
1987-01-21,0.0
1987-01-24,0.0
1987-01-28,0.0
1987-01-31,0.0
1987-02-04,0.0
1987-02-07,0.0
1987-02-11,0.0
1987-02-14,0.0
1987-02-18,0.0
1987-02-21,0.0
1987-02-25,0.0
1987-02-28,0.0
1987-03-04,0.0
1987-03-07,0.0
1987-03-11,0.0
1987-03-14,0.0
1987-03-18,0.0
1987-03-21,0.0
1987-03-25,0.0
1987-03-28,0.0
1987-04-01,0.0
1987-04-04,0.0
1987-04-08,0.0
1987-04-11,0.0
1987-04-15,0.0
1987-04-18,0.0
1987-04-22,0.0
1987-04-25,0.0
1987-04-29,0.0
1987-05-02,0.0
1987-05-06,0.0
1987-05-09,0.0
1987-05-13,0.0
1987-05-16,0.0
1987-05-20,0.0
1987-05-23,0.0
1987-05-27,0.0
1987-05-30,0.0
1987-06-03,0.0
1987-06-06,0.0
1987-06-10,0.0
1987-06-13,0.0
1987-06-17,0.0
1987-06-20,0.0
1987-06-24,0.0
1987-06-27,0.0
1987-07-01,0.0
1987-07-04,0.0
1987-07-08,0.0
1987-07-11,0.0
1987-07-15,0.0
1987-07-18,0.0
1987-07-22,0.0
1987-07-25,0.0
1987-07-29,0.0
1987-08-01,0.0
1987-08-05,0.0
1987-08-08,0.0
1987-08-12,0.0
1987-08-15,0.0
1987-08-19,0.0
1987-08-22,0.0
1987-08-26,0.0
1987-08-29,0.0
1987-09-02,0.0
1987-09-05,0.0
1987-09-09,0.0
1987-09-12,0.0
1987-09-16,0.0
1987-09-19,0.0
1987-09-23,0.0
1987-09-26,0.0
1987-09-30,0.0
1987-10-03,0.0
1987-10-07,0.0
1987-10-10,0.0
1987-10-14,0.0
1987-10-17,0.0
1987-10-21,0.0
1987-10-24,0.0
1987-10-28,0.0
1987-10-31,0.0
1987-11-04,0.0
1987-11-07,0.0
1987-11-11,0.0
1987-11-14,0.0
1987-11-18,0.0
1987-11-21,0.0
1987-11-25,0.0
1987-11-28,0.0
1987-12-02,0.0
1987-12-05,0.0
1987-12-09,0.0
1987-12-12,0.0
1987-12-16,0.0
1987-12-19,0.0
1987-12-23,0.0
1987-12-26,0.0
1987-12-30,0.0
1988-01-02,0.0
1988-01-06,0.0
1988-01-09,0.0
1988-01-13,0.0
1988-01-16,0.0
1988-01-20,0.0
1988-01-23,0.0
1988-01-27,0.0
1988-01-30,0.0
1988-02-03,0.0
1988-02-06,0.0
1988-02-10,0.0
1988-02-13,0.0
1988-02-17,0.0
1988-02-20,0.0
1988-02-24,0.0
1988-02-27,0.0
1988-03-02,0.0
1988-03-05,0.0
1988-03-09,0.0
1988-03-12,0.0
1988-03-16,0.0
1988-03-19,0.0
1988-03-23,0.0
1988-03-26,0.0
1988-03-30,0.0
1988-04-02,0.0
1988-04-06,0.0
1988-04-09,0.0
1988-04-13,0.0
1988-04-16,0.0
1988-04-20,0.0
1988-04-23,0.0
1988-04-27,0.0
1988-04-30,0.0
1988-05-04,0.0
1988-05-07,0.0
1988-05-11,0.0
1988-05-14,0.0
1988-05-18,0.0
1988-05-21,0.0
1988-05-25,0.0
1988-05-28,0.0
1988-06-01,0.0
1988-06-04,0.0
1988-06-08,0.0
1988-06-11,0.0
1988-06-15,0.0
1988-06-18,0.0
1988-06-22,0.0
1988-06-25,0.0
1988-06-29,0.0
1988-07-02,0.0
1988-07-06,0.0
1988-07-09,0.0
1988-07-13,0.0
1988-07-16,0.0
1988-07-20,0.0
1988-07-23,0.0
1988-07-27,0.0
1988-07-30,0.0
1988-08-03,0.0
1988-08-06,0.0
1988-08-10,0.0
1988-08-13,0.0
1988-08-17,0.0
1988-08-20,0.0
1988-08-24,1.6003534
1988-08-27,3.8985734
1988-08-31,6.8244505
1988-09-03,5.7375746
1988-09-07,0.3365717
1988-09-10,0.5057054
1988-09-14,2.088933
1988-09-17,4.542487
1988-09-21,1.9071774
1988-09-24,0.930385
1988-09-28,1.7334232
1988-10-01,4.435301
1988-10-05,3.4664454
1988-10-08,1.0331059
1988-10-12,1.7356453
1988-10-15,10.0
1988-10-19,5.0
1988-10-22,3.3333335
1988-10-26,10.0
1988-10-29,10.0
1988-11-02,0.4566342
1988-11-05,2.8308432
1988-11-09,2.649005
1988-11-12,1.2778536
1988-11-16,2.0522275
1988-11-19,2.2951322
1988-11-23,2.1989017
1988-11-26,1.1770868
1988-11-30,2.2637365
1988-12-03,2.5796318
1988-12-07,4.863659
1988-12-10,3.960915
1988-12-14,1.93304
1988-12-17,4.64021
1988-12-21,3.8877504
1988-12-24,2.8388426
1988-12-28,0.3837949
1988-12-31,2.4550574
1989-01-04,1.0794996
1989-01-07,0.7370962
1989-01-11,1.9832757
1989-01-14,1.2411448
1989-01-18,1.7788703
1989-01-21,4.3841777
1989-01-25,2.2543209
1989-01-28,0.4811377
1989-02-01,1.751422
1989-02-04,4.4415975
1989-02-08,2.4159477
1989-02-11,1.0682977
1989-02-15,2.485211
1989-02-18,2.5832255
1989-02-22,0.9742948
1989-02-25,0.4974667
1989-03-01,1.9457401
1989-03-04,4.569575
1989-03-08,1.090485
1989-03-11,1.9440247
1989-03-15,2.5
1989-03-18,5.0
1989-03-22,5.0
1989-03-25,1.25
1989-03-29,10.0
1989-04-01,3.8756442
1989-04-05,2.379444
1989-04-08,1.1739963
1989-04-12,2.3784049
1989-04-15,2.3820007
1989-04-19,0.7374896
1989-04-22,2.3236582
1989-04-26,0.6408947
1989-04-29,1.2429749
1989-05-03,1.6665367
1989-05-06,4.0942545
1989-05-10,2.0727513
1989-05-13,4.548346
1989-05-17,7.461529
1989-05-20,1.0910023
1989-05-24,1.8759311
1989-05-27,2.3725574
1989-05-31,2.1178584
1989-06-03,4.632378
1989-06-07,1.0132053
1989-06-10,0.7979528
1989-06-14,1.848617
1989-06-17,4.1709514
1989-06-21,3.50912
1989-06-24,2.1512687
1989-06-28,1.8579787
1989-07-01,3.9148738
1989-07-05,3.156988
1989-07-08,2.1706119
1989-07-12,1.8317565
1989-07-15,4.428201
1989-07-19,3.7260354
1989-07-22,2.2386935
1989-07-26,0.4641338
1989-07-29,1.1803266
1989-08-02,0.9470818
1989-08-05,0.6990599
1989-08-09,0.936003
1989-08-12,2.0511062
1989-08-16,1.9091306
1989-08-19,2.0538728
1989-08-23,0.840793
1989-08-26,1.0423506
1989-08-30,2.099246
1989-09-02,0.7578832
1989-09-06,1.8570079
1989-09-09,2.3937514
1989-09-13,4.22981
1989-09-16,1.7828599
1989-09-20,1.8552783
1989-09-23,1.2055159
1989-09-27,1.9209934
1989-09-30,4.6117725
1989-10-04,2.509244
1989-10-07,2.0347528
1989-10-11,1.8423538
1989-10-14,2.2219808
1989-10-18,8.0
1989-10-21,10.0
1989-10-25,4.0
1989-10-28,3.5
1989-11-01,2.469094
1989-11-04,2.609223
1989-11-08,1.0926808
1989-11-11,0.7811251
1989-11-15,1.1230989
1989-11-18,2.6204293
1989-11-22,4.419365
1989-11-25,0.4176855
1989-11-29,2.0754921
1989-12-02,4.5777593
1989-12-06,2.5
1989-12-09,2.4345949
1989-12-13,1.9222136
1989-12-16,1.9072986
1989-12-20,3.8494558
1989-12-23,10.0
1989-12-27,0.4578979
1989-12-30,2.389815
1990-01-03,2.362455
1990-01-06,1.1246904
1990-01-10,1.9742924
1990-01-13,2.211986
1990-01-17,4.4878263
1990-01-20,2.432715
1990-01-24,1.2271328
1990-01-27,0.5240837
1990-01-31,0.4765297
1990-02-03,1.0439306
1990-02-07,2.181121
1990-02-10,2.1380458
1990-02-14,2.1347191
1990-02-17,2.2896533
1990-02-21,1.9499846
1990-02-24,1.1192325
1990-02-28,2.085999
1990-03-03,4.454879
1990-03-07,5.0
1990-03-10,0.7203379
1990-03-14,2.1235957
1990-03-17,4.8754454
1990-03-21,2.044002
1990-03-24,2.515131
1990-03-28,2.0393553
1990-03-31,2.3582337
1990-04-04,1.8853918
1990-04-07,2.3703477
1990-04-11,2.3678138
1990-04-14,2.4121518
1990-04-18,1.7673527
1990-04-21,2.1306934
1990-04-25,2.0121045
1990-04-28,4.5194845
1990-05-02,0.7726867
1990-05-05,2.0962117
1990-05-09,4.1131973
1990-05-12,0.6984606
1990-05-16,0.8362205
1990-05-19,1.9566332
1990-05-23,1.664446
1990-05-26,2.020538
1990-05-30,0.3065336
1990-06-02,2.2435982
1990-06-06,2.146069
1990-06-09,2.2273567
1990-06-13,4.3982754
1990-06-16,10.0
1990-06-20,2.0143476
1990-06-23,0.3703801
1990-06-27,1.4203818
1990-06-30,2.1057923
1990-07-04,1.6496419
1990-07-07,4.015092
1990-07-11,10.0
1990-07-14,0.9819767
1990-07-18,0.6294684
1990-07-21,2.1838138
1990-07-25,4.4852753
1990-07-28,5.0
1990-08-01,1.6898406
1990-08-04,4.146159
1990-08-08,1.9094368
1990-08-11,2.0364947
1990-08-15,1.9320343
1990-08-18,4.477319
1990-08-22,1.4465734
1990-08-25,2.282623
1990-08-29,4.4023395
1990-09-01,2.1496782
1990-09-05,1.8806158
1990-09-08,4.45223
1990-09-12,1.0032878
1990-09-15,5.0
1990-09-19,6.0
1990-09-22,5.0
1990-09-26,1.9938707
1990-09-29,4.686587
1990-10-03,3.3333335
1990-10-06,2.6408567
1990-10-10,2.5872834
1990-10-13,2.4793193
1990-10-17,5.0214214
1990-10-20,8.5240755
1990-10-24,12.911117
1990-10-27,1.0985653
1990-10-31,2.2737322
1990-11-03,1.6176928
1990-11-07,2.4175584
1990-11-10,0.6238397
1990-11-14,2.2071128
1990-11-17,2.3911018
1990-11-21,2.0981324
1990-11-24,4.523723
1990-11-28,2.184752
1990-12-01,2.2567444
1990-12-05,4.4507003
1990-12-08,2.3892987
1990-12-12,4.4707346
1990-12-15,2.4804418
1990-12-19,1.2206082
1990-12-22,2.4304762
1990-12-26,1.8564858
1990-12-29,4.1607265
1991-01-02,1.785575
1991-01-05,0.9862595
1991-01-09,1.6275907
1991-01-12,4.012763
1991-01-16,0.6246591
1991-01-19,0.9154691
1991-01-23,1.9759701
1991-01-26,2.5
1991-01-30,0.6307467
1991-02-02,2.1940744
1991-02-06,5.0
1991-02-09,3.3333335
1991-02-13,1.8501816
1991-02-16,2.5
1991-02-20,1.8442918
1991-02-23,2.5
1991-02-27,1.9086007
1991-03-02,5.0
1991-03-06,10.0
1991-03-09,13.249075
1991-03-13,1.9678454
1991-03-16,2.576556
1991-03-20,5.0980253
1991-03-23,0.3810281
1991-03-27,0.6049759
1991-03-30,2.3453665
1991-04-03,1.8834643
1991-04-06,2.5
1991-04-10,1.5691159
1991-04-13,5.0
1991-04-17,0.7383369
1991-04-20,0.521207
1991-04-24,2.0655937
1991-04-27,2.6888702
1991-05-01,5.5935135
1991-05-04,1.6666667
1991-05-08,2.4742873
1991-05-11,5.756228
1991-05-15,2.0261536
1991-05-18,5.1421623
1991-05-22,10.0
1991-05-25,2.594138
1991-05-29,2.6811316
1991-06-01,2.2537136
1991-06-05,1.030407
1991-06-08,2.4904814
1991-06-12,2.364293
1991-06-15,0.3743589
1991-06-19,2.3118386
1991-06-22,5.4261503
1991-06-26,10.0
1991-06-29,13.9641075
1991-07-03,2.2076516
1991-07-06,2.7930312
1991-07-10,5.2198095
1991-07-13,10.0
1991-07-17,0.7446082
1991-07-20,2.5148358
1991-07-24,2.142974
1991-07-27,1.771468
1991-07-31,2.1377406
1991-08-03,2.6761212
1991-08-07,1.8335812
1991-08-10,5.0
1991-08-14,10.0
1991-08-17,2.6495836
1991-08-21,2.1151726
1991-08-24,2.6427398
1991-08-28,1.3507118
1991-08-31,1.2465645
1991-09-04,1.0165517
1991-09-07,2.6796002
1991-09-11,1.32498
1991-09-14,2.6811159
1991-09-18,1.1196997
1991-09-21,1.0359187
1991-09-25,2.1819615
1991-09-28,1.2274936
1991-10-02,1.1898507
1991-10-05,2.6626801
1991-10-09,2.0433698
1991-10-12,2.5736988
1991-10-16,5.069457
1991-10-19,5.0
1991-10-23,4.0
1991-10-26,7.5
1991-10-30,2.7780225
1991-11-02,3.2211843
1991-11-06,2.3341973
1991-11-09,0.763877
1991-11-13,1.8678474
1991-11-16,2.693191
1991-11-20,5.059719
1991-11-23,1.530135
1991-11-27,2.3692293
1991-11-30,2.9447174
1991-12-04,5.673522
1991-12-07,10.0
1991-12-11,2.500711
1991-12-14,5.682467
1991-12-18,5.0
1991-12-21,1.5056171
1991-12-25,2.62206
1991-12-28,2.932935
1992-01-01,5.7739315
1992-01-04,2.9233842
1992-01-08,5.938328
1992-01-11,1.3715127
1992-01-15,1.1467527
1992-01-18,1.2961653
1992-01-22,2.5234609
1992-01-25,5.428773
1992-01-29,0.989163
1992-02-01,2.8845294
1992-02-05,0.7679715
1992-02-08,1.205432
1992-02-12,2.1054769
1992-02-15,1.3514127
1992-02-19,0.9355921
1992-02-22,2.5633712
1992-02-26,2.6504614
1992-02-29,2.6838212
1992-03-04,0.7467508
1992-03-07,1.158241
1992-03-11,0.632167
1992-03-14,2.560374
1992-03-18,5.4555264
1992-03-21,3.3333335
1992-03-25,12.5
1992-03-28,3.211929
1992-04-01,3.1925359
1992-04-04,2.7410784
1992-04-08,2.7346768
1992-04-11,2.9031153
1992-04-15,2.2899923
1992-04-18,1.1518794
1992-04-22,1.1739819
1992-04-25,0.9190866
1992-04-29,2.274369
1992-05-02,0.8988192
1992-05-06,2.2238839
1992-05-09,5.469596
1992-05-13,10.0
1992-05-16,1.3735495
1992-05-20,2.313909
1992-05-23,5.1912484
1992-05-27,10.0
1992-05-30,1.331451
1992-06-03,0.7966284
1992-06-06,2.703518
1992-06-10,2.8434448
1992-06-13,5.6048894
1992-06-17,2.0879087
1992-06-20,1.3866585
1992-06-24,1.8517385
1992-06-27,2.5526485
1992-07-01,2.4010537
1992-07-04,2.7289696
1992-07-08,2.1847599
1992-07-11,2.6391187
1992-07-15,2.3706248
1992-07-18,5.5091405
1992-07-22,2.2714448
1992-07-25,2.5869055
1992-07-29,2.1396801
1992-08-01,5.2288823
1992-08-05,1.144556
1992-08-08,2.580317
1992-08-12,5.5520263
1992-08-15,2.5978155
1992-08-19,5.571535
1992-08-22,1.3629452
1992-08-26,2.310196
1992-08-29,2.4822497
1992-09-02,1.1815814
1992-09-05,2.609051
1992-09-09,5.5290823
1992-09-12,5.0806174
1992-09-16,2.601253
1992-09-19,5.8290806
1992-09-23,10.204873
1992-09-26,6.0023255
1992-09-30,2.8037553
1992-10-03,6.335845
1992-10-07,3.583606
1992-10-10,3.1398952
1992-10-14,6.498953
1992-10-17,0.571157
1992-10-21,2.3994713
1992-10-24,5.8149543
1992-10-28,2.4413867
1992-10-31,3.0217047
1992-11-04,2.434014
1992-11-07,1.4409006
1992-11-11,1.1410633
1992-11-14,2.6481452
1992-11-18,2.0817096
1992-11-21,5.109613
1992-11-25,2.5551343
1992-11-28,1.45596
1992-12-02,2.2083275
1992-12-05,2.7099676
1992-12-09,2.2375019
1992-12-12,0.927754
1992-12-16,2.310794
1992-12-19,2.6032047
1992-12-23,1.2080216
1992-12-26,0.581113
1992-12-30,2.3965073
1993-01-02,1.1234798
1993-01-06,1.171411
1993-01-09,1.2096868
1993-01-13,0.6378424
1993-01-16,2.8423598
1993-01-20,1.134167
1993-01-23,2.70412
1993-01-27,5.649904
1993-01-30,2.1051261
1993-02-03,2.5550716
1993-02-06,1.4494622
1993-02-10,2.347859
1993-02-13,1.3575312
1993-02-17,2.1104915
1993-02-20,1.4029193
1993-02-24,2.150535
1993-02-27,5.47027
1993-03-03,0.8374597
1993-03-06,1.3801599
1993-03-10,1.1070788
1993-03-13,1.1055892
1993-03-17,2.207062
1993-03-20,1.3322951
1993-03-24,2.23011
1993-03-27,5.0
1993-03-31,4.0
1993-04-03,7.5
1993-04-07,2.8385036
1993-04-10,3.175036
1993-04-14,3.2851143
1993-04-17,0.9435975
1993-04-21,2.2689714
1993-04-24,1.5440602
1993-04-28,0.4048262
1993-05-01,2.963359
1993-05-05,2.1683419
1993-05-08,1.3005762
1993-05-12,2.4239485
1993-05-15,1.2400008
1993-05-19,2.355075
1993-05-22,0.8246145
1993-05-26,2.1160674
1993-05-29,1.35958
1993-06-02,2.230729
1993-06-05,5.6421676
1993-06-09,1.1548847
1993-06-12,2.402065
1993-06-16,1.0374601
1993-06-19,2.634653
1993-06-23,2.9403572
1993-06-26,2.6377463
1993-06-30,0.499001
1993-07-03,2.6722312
1993-07-07,1.148613
1993-07-10,2.7697923
1993-07-14,2.2590625
1993-07-17,2.5519032
1993-07-21,2.384343
1993-07-24,2.7571874
1993-07-28,1.9732255
1993-07-31,2.650016
1993-08-04,1.0441256
1993-08-07,2.2437208
1993-08-11,1.1331513
1993-08-14,1.257147
1993-08-18,2.4154913
1993-08-21,2.6574626
1993-08-25,2.201926
1993-08-28,2.6725974
1993-09-01,2.0806832
1993-09-04,2.6000612
1993-09-08,2.2066636
1993-09-11,0.5990355
1993-09-15,1.9705098
1993-09-18,2.4694672
1993-09-22,1.9852064
1993-09-25,0.88565
1993-09-29,1.1367024
1993-10-02,1.0994934
1993-10-06,2.32676
1993-10-09,1.3302943
1993-10-13,2.275566
1993-10-16,2.0
1993-10-20,4.0
1993-10-23,15.0
1993-10-27,1.152443
1993-10-30,2.788043
1993-11-03,0.0
1993-11-06,0.6286178
1993-11-10,2.461341
1993-11-13,5.764305
1993-11-17,2.574284
1993-11-20,6.259746
1993-11-24,10.778008
1993-11-27,0.9689659
1993-12-01,2.438357
1993-12-04,6.2375393
1993-12-08,0.5484919
1993-12-11,2.9252284
1993-12-15,0.7838131
1993-12-18,0.8687147
1993-12-22,1.1329874
1993-12-25,2.641584
1993-12-29,2.2836106
1994-01-01,1.240654
1994-01-05,2.020674
1994-01-08,1.79051
1994-01-12,2.444142
1994-01-15,1.99797
1994-01-19,2.141032
1994-01-22,1.9290192
1994-01-26,2.306769
1994-01-29,1.4392881
1994-02-02,1.1973761
1994-02-05,0.4962397
1994-02-09,2.283945
1994-02-12,2.8608773
1994-02-16,2.293102
1994-02-19,5.966362
1994-02-23,1.6867439
1994-02-26,2.661893
1994-03-02,2.05545
1994-03-05,2.9342241
1994-03-09,2.530149
1994-03-12,2.837906
1994-03-16,2.571838
1994-03-19,5.0
1994-03-23,12.0
1994-03-26,15.0
1994-03-30,19.0
1994-04-02,1.7411542
1994-04-06,2.4051735
1994-04-09,1.458008
1994-04-13,1.2825958
1994-04-16,0.8979867
1994-04-20,2.638481
1994-04-23,5.988735
1994-04-27,2.618608
1994-04-30,5.957026
1994-05-04,0.7608973
1994-05-07,0.415005
1994-05-11,2.4389386
1994-05-14,2.883644
1994-05-18,0.9774195
1994-05-21,2.7084556
1994-05-25,2.1708665
1994-05-28,2.7478478
1994-06-01,1.1802326
1994-06-04,2.5194514
1994-06-08,1.1139505
1994-06-11,2.517663
1994-06-15,5.340252
1994-06-18,2.6157908
1994-06-22,2.260595
1994-06-25,5.0
1994-06-29,2.352146
1994-07-02,5.186569
1994-07-06,10.0
1994-07-09,2.702939
1994-07-13,5.61998
1994-07-16,10.0
1994-07-20,2.243714
1994-07-23,0.7767016
1994-07-27,0.6695519
1994-07-30,2.5876443
1994-08-03,2.058196
1994-08-06,1.1281914
1994-08-10,2.365453
1994-08-13,2.3528714
1994-08-17,2.218043
1994-08-20,1.2378259
1994-08-24,0.6103015
1994-08-27,1.0641904
1994-08-31,2.23226
1994-09-03,5.63264
1994-09-07,10.0
1994-09-10,3.606256
1994-09-14,1.3244632
1994-09-17,2.757295
1994-09-21,6.0037775
1994-09-24,1.2581286
1994-09-28,2.219093
1994-10-01,2.5
1994-10-05,2.321957
1994-10-08,1.8677568
1994-10-12,1.8050493
1994-10-15,2.8102186
1994-10-19,0.3396208
1994-10-22,2.604375
1994-10-26,5.520937
1994-10-29,3.3333335
1994-11-02,1.2299379
1994-11-05,2.604692
1994-11-09,5.5352135
1994-11-12,2.718298
1994-11-16,5.7838798
1994-11-19,2.6835883
1994-11-23,1.659881
1994-11-26,5.0
1994-11-30,1.2017322
1994-12-03,0.6541543
1994-12-07,2.1654718
1994-12-10,0.5912403
1994-12-14,1.0864016
1994-12-17,2.64139
1994-12-21,5.665532
1994-12-24,2.5351348
1994-12-28,1.1132497
1994-12-31,2.943655
1995-01-04,2.8906972
1995-01-07,2.2257478
1995-01-11,0.5507917
1995-01-14,10.0
1995-01-18,3.0
1995-01-21,3.75
1995-01-25,6.3333335
1995-01-28,2.99876
1995-02-01,6.6412153
1995-02-04,1.4959723
1995-02-08,2.336153
1995-02-11,1.3691596
1995-02-15,2.555281
1995-02-18,1.8589766
1995-02-22,2.533228
1995-02-25,2.73245
1995-03-01,0.8340911
1995-03-04,2.756782
1995-03-08,5.5457916
1995-03-11,2.7591712
1995-03-15,2.3399723
1995-03-18,2.615015
1995-03-22,5.196195
1995-03-25,10.0
1995-03-29,2.163711
1995-04-01,5.622412
1995-04-05,10.0
1995-04-08,2.9662986
1995-04-12,2.3980794
1995-04-15,1.2832628
1995-04-19,0.6179807
1995-04-22,1.3195187
1995-04-26,1.0100181
1995-04-29,2.227755
1995-05-03,0.5719955
1995-05-06,1.0494894
1995-05-10,2.067972
1995-05-13,2.5
1995-05-17,0.9046747
1995-05-20,1.2187026
1995-05-24,0.9973901
1995-05-27,0.7596785
1995-05-31,2.1425936
1995-06-03,2.627336
1995-06-07,5.49137
1995-06-10,5.0
1995-06-14,2.22406
1995-06-17,5.952369
1995-06-21,3.3333335
1995-06-24,1.2289982
1995-06-28,1.0830703
1995-07-01,1.1462411
1995-07-05,0.4961957
1995-07-08,2.3711257
1995-07-12,2.2842183
1995-07-15,0.5331815
1995-07-19,1.865626
1995-07-22,5.0
1995-07-26,2.1030848
1995-07-29,1.2515517
1995-08-02,1.071224
1995-08-05,2.462366
1995-08-09,1.6666667
1995-08-12,2.5409124
1995-08-16,2.159727
1995-08-19,2.490639
1995-08-23,4.837677
1995-08-26,9.031186
1995-08-30,15.090105
1995-09-02,6.6026764
1995-09-06,1.1364623
1995-09-09,0.3163367
1995-09-13,2.222051
1995-09-16,1.8096086
1995-09-20,1.975183
1995-09-23,2.5
1995-09-27,1.133835
1995-09-30,2.608441
1995-10-04,2.8498733
1995-10-07,2.561536
1995-10-11,5.221495
1995-10-14,3.3333335
1995-10-18,1.0265735
1995-10-21,2.79086
1995-10-25,5.7013097
1995-10-28,2.6129603
1995-11-01,2.4181287
1995-11-04,1.4495426
1995-11-08,2.1267517
1995-11-11,2.4494188
1995-11-15,2.102554
1995-11-18,5.220383
1995-11-22,5.0
1995-11-25,2.5
1995-11-29,1.2845117
1995-12-02,2.445581
1995-12-06,5.074381
1995-12-09,10.0
1995-12-13,1.1790711
1995-12-16,2.670034
1995-12-20,0.6888561
1995-12-23,1.3187681
1995-12-27,2.253518
1995-12-30,5.124924
1996-01-03,1.4285715
1996-01-06,2.4348328
1996-01-10,2.3471177
1996-01-13,1.1275108
1996-01-17,2.152622
1996-01-20,5.1615396
1996-01-24,1.9715033
1996-01-27,2.500126
1996-01-31,0.3813746
1996-02-03,1.3342358
1996-02-07,2.413642
1996-02-10,5.352484
1996-02-14,10.0
1996-02-17,2.519641
1996-02-21,0.5838028
1996-02-24,2.397501
1996-02-28,1.7823119
1996-03-02,1.298598
1996-03-06,0.5140495
1996-03-09,1.1413548
1996-03-13,0.4687812
1996-03-16,1.1790376
1996-03-20,0.6858956
1996-03-23,1.3155873
1996-03-27,2.37838
1996-03-30,5.396937
1996-04-03,2.411303
1996-04-06,5.124608
1996-04-10,3.3333335
1996-04-13,3.0
1996-04-17,6.0
1996-04-20,2.750022
1996-04-24,5.75829
1996-04-27,10.003783
1996-05-01,2.5418868
1996-05-04,2.847857
1996-05-08,5.825438
1996-05-11,0.8484826
1996-05-15,2.4291236
1996-05-18,1.3141108
1996-05-22,1.990184
1996-05-25,2.5
1996-05-29,0.6458555
1996-06-01,2.0286026
1996-06-05,0.7692048
1996-06-08,2.493945
1996-06-12,0.9925426
1996-06-15,2.241212
1996-06-19,2.5
1996-06-22,2.428217
1996-06-26,5.077143
1996-06-29,2.5
1996-07-03,2.044598
1996-07-06,1.6666667
1996-07-10,2.222087
1996-07-13,5.0525618
1996-07-17,2.108151
1996-07-20,5.0
1996-07-24,1.862069
1996-07-27,4.75272
1996-07-31,5.0
1996-08-03,0.7751053
1996-08-07,2.1682625
1996-08-10,2.300244
1996-08-14,1.25
1996-08-17,2.4247875
1996-08-21,2.065514
1996-08-24,5.0
1996-08-28,1.9312081
1996-08-31,2.345282
1996-09-04,4.951172
1996-09-07,10.0
1996-09-11,2.217321
1996-09-14,2.6450303
1996-09-18,2.215021
1996-09-21,4.848706
1996-09-25,8.489786
1996-09-28,7.5
1996-10-02,2.217144
1996-10-05,2.7467935
1996-10-09,1.0791183
1996-10-12,2.7235916
1996-10-16,2.140888
1996-10-19,2.5
1996-10-23,2.0034256
1996-10-26,2.4556692
1996-10-30,2.178435
1996-11-02,2.569123
1996-11-06,5.349032
1996-11-09,3.3333335
1996-11-13,0.944212
1996-11-16,0.6048502
1996-11-20,2.017364
1996-11-23,1.0752591
1996-11-27,0.9964208
1996-11-30,1.1673068
1996-12-04,2.088439
1996-12-07,5.042114
1996-12-11,8.341333
1996-12-14,13.844819
1996-12-18,1.816727
1996-12-21,0.8206017
1996-12-25,2.363053
1996-12-28,5.204772
1997-01-01,10.0
1997-01-04,1.3129635
1997-01-08,2.274219
1997-01-11,5.082081
1997-01-15,10.0
1997-01-18,2.528351
1997-01-22,0.8816909
1997-01-25,1.1835831
1997-01-29,2.0342436
1997-02-01,1.2890772
1997-02-05,1.8793112
1997-02-08,3.856957
1997-02-12,3.0
1997-02-15,7.5
1997-02-19,2.3364007
1997-02-22,2.2040553
1997-02-26,1.149548
1997-03-01,2.809911
1997-03-05,5.8275337
1997-03-08,2.6730146
1997-03-12,5.4845395
1997-03-15,3.3333335
1997-03-19,0.772975
1997-03-22,2.62893
1997-03-26,2.2889712
1997-03-29,2.6326787
1997-04-02,2.0487678
1997-04-05,5.112342
1997-04-09,2.1701758
1997-04-12,0.8341386
1997-04-16,1.1075342
1997-04-19,2.5374465
1997-04-23,5.3832455
1997-04-26,1.176194
1997-04-30,2.2991815
1997-05-03,2.3013651
1997-05-07,2.1354053
1997-05-10,5.0
1997-05-14,0.510788
1997-05-17,2.289176
1997-05-21,0.9217363
1997-05-24,2.172989
1997-05-28,2.011503
1997-05-31,2.1778457
1997-06-04,4.7121563
1997-06-07,3.3333335
1997-06-11,1.0916835
1997-06-14,2.075129
1997-06-18,5.0
1997-06-21,2.2797737
1997-06-25,4.479568
1997-06-28,3.3333335
1997-07-02,2.1027472
1997-07-05,2.5
1997-07-09,2.2253995
1997-07-12,1.155574
1997-07-16,2.163664
1997-07-19,2.299159
1997-07-23,2.0336468
1997-07-26,5.0
1997-07-30,0.9554709
1997-08-02,0.4225381
1997-08-06,1.7424871
1997-08-09,0.8911204
1997-08-13,1.9763016
1997-08-16,1.6666667
1997-08-20,1.9998658
1997-08-23,1.2880515
1997-08-27,2.0217562
1997-08-30,0.8059131
1997-09-03,0.5924991
1997-09-06,2.148754
1997-09-10,1.9720821
1997-09-13,1.6666667
1997-09-17,2.1491046
1997-09-20,5.0
1997-09-24,2.1389432
1997-09-27,2.3414316
1997-10-01,5.0
1997-10-04,2.3981185
1997-10-08,1.902492
1997-10-11,2.5
1997-10-15,1.9993792
1997-10-18,5.0
1997-10-22,1.609317
1997-10-25,1.0888431
1997-10-29,1.9815284
1997-11-01,1.6666667
1997-11-05,0.8918574
1997-11-08,4.0
1997-11-12,3.0
1997-11-15,15.0
1997-11-19,2.2927713
1997-11-22,2.5545144
1997-11-26,1.789248
1997-11-29,0.9243585
1997-12-03,1.0895355
1997-12-06,0.7181681
1997-12-10,0.6336068
1997-12-13,0.763769
1997-12-17,0.874192
1997-12-20,0.8759107
1997-12-24,2.8062243
1997-12-27,1.9850303
1997-12-31,2.478135
1998-01-03,2.2240622
1998-01-07,1.912294
1998-01-10,2.5
1998-01-14,1.9905252
1998-01-17,0.4180368
1998-01-21,1.747632
1998-01-24,1.8826972
1998-01-28,2.022921
1998-01-31,2.5
1998-02-04,2.0845633
1998-02-07,2.1954174
1998-02-11,1.25
1998-02-14,1.1378531
1998-02-18,0.3451571
1998-02-21,2.2828586
1998-02-25,5.0092707
1998-02-28,10.0
1998-03-04,0.674596
1998-03-07,1.2750916
1998-03-11,0.9503192
1998-03-14,1.1014022
1998-03-18,1.0374837
1998-03-21,0.6932906
1998-03-25,0.5299355
1998-03-28,2.161653
1998-04-01,2.1048424
1998-04-04,4.967868
1998-04-08,5.0
1998-04-11,2.5239735
1998-04-15,1.890858
1998-04-18,3.5
1998-04-22,14.0
1998-04-25,7.0
1998-04-29,2.1879494
1998-05-02,2.251573
1998-05-06,5.0
1998-05-09,1.0648301
1998-05-13,0.9957023
1998-05-16,2.2061932
1998-05-20,1.0
1998-05-23,2.204473
1998-05-27,1.9654068
1998-05-30,0.8333334
1998-06-03,2.014565
1998-06-06,4.6119013
1998-06-10,2.5
1998-06-13,2.2185972
1998-06-17,5.0
1998-06-20,2.1865983
1998-06-24,0.9630772
1998-06-27,1.1516094
1998-07-01,1.7851363
1998-07-04,5.0
1998-07-08,2.0548818
1998-07-11,5.0
1998-07-15,1.9230275
1998-07-18,2.0547636
1998-07-22,1.8459705
1998-07-25,5.0
1998-07-29,0.9046342
1998-08-01,2.2736175
1998-08-05,2.5
1998-08-08,2.2087014
1998-08-12,2.101174
1998-08-15,1.1110193
1998-08-19,0.5942634
1998-08-22,2.0391474
1998-08-26,5.0
1998-08-29,5.0
1998-09-02,2.1050167
1998-09-05,5.009879
1998-09-09,2.046524
1998-09-12,1.6666667
1998-09-16,1.9793222
1998-09-19,4.751989
1998-09-23,8.480863
1998-09-26,13.271608
1998-09-30,2.131851
1998-10-03,1.2603525
1998-10-07,1.9309586
1998-10-10,2.073994
1998-10-14,2.0042062
1998-10-17,4.640064
1998-10-21,3.3333335
1998-10-24,2.2589166
1998-10-28,1.010606
1998-10-31,2.2509952
1998-11-04,1.0115559
1998-11-07,2.2079017
1998-11-11,5.0
1998-11-14,2.1606586
1998-11-18,4.6017876
1998-11-21,10.0
1998-11-25,1.0062996
1998-11-28,2.192227
1998-12-02,0.4214412
1998-12-05,1.9725034
1998-12-09,1.0183835
1998-12-12,1.1204184
1998-12-16,1.801324
1998-12-19,2.5
1998-12-23,1.9453677
1998-12-26,0.9746788
1998-12-30,0.5737769
1999-01-02,2.2074234
1999-01-06,4.728841
1999-01-09,10.0
1999-01-13,0.4175437
1999-01-16,1.8266996
1999-01-20,2.0201275
1999-01-23,5.0
1999-01-27,2.1474824
1999-01-30,4.9043093
1999-02-03,5.0
1999-02-06,2.2389503
1999-02-10,4.7488985
1999-02-13,10.0
1999-02-17,1.0213736
1999-02-20,2.1028118
1999-02-24,4.510337
1999-02-27,10.0
1999-03-03,0.7824423
1999-03-06,2.3592112
1999-03-10,5.0
1999-03-13,2.3208401
1999-03-17,2.5
1999-03-20,0.7169017
1999-03-24,2.0198264
1999-03-27,4.6979623
1999-03-31,10.0
1999-04-03,2.2683544
1999-04-07,2.5
1999-04-10,1.5053111
1999-04-14,2.0652661
1999-04-17,2.2888782
1999-04-21,4.798242
1999-04-24,5.0
1999-04-28,4.3333335
1999-05-01,4.5
1999-05-05,2.3128748
1999-05-08,0.7059979
1999-05-12,1.9577534
1999-05-15,1.1452723
1999-05-19,1.8837488
1999-05-22,1.9937553
1999-05-26,5.0
1999-05-29,0.9463478
1999-06-02,0.9965901
1999-06-05,2.1500044
1999-06-09,1.6666667
1999-06-12,2.2446046
1999-06-16,4.365376
1999-06-19,5.0
1999-06-23,1.9667892
1999-06-26,2.1188593
1999-06-30,5.0
1999-07-03,0.9305716
1999-07-07,1.8624845
1999-07-10,2.1724713
1999-07-14,2.5
1999-07-17,2.1865978
1999-07-21,0.458397
1999-07-24,1.785219
1999-07-28,4.022502
1999-07-31,5.0
1999-08-04,1.6527646
1999-08-07,5.0
1999-08-11,1.9394808
1999-08-14,5.0
1999-08-18,1.6005211
1999-08-21,5.0
1999-08-25,1.7670214
1999-08-28,2.1597373
1999-09-01,5.0
1999-09-04,1.1011173
1999-09-08,1.6861587
1999-09-11,5.0
1999-09-15,1.5406582
1999-09-18,0.9627779
1999-09-22,1.8085818
1999-09-25,2.1839652
1999-09-29,4.4982266
1999-10-02,5.0
1999-10-06,13.0
1999-10-09,2.2916102
1999-10-13,2.004744
1999-10-16,0.7521262
1999-10-20,1.8920106
1999-10-23,5.0
1999-10-27,0.9463023
1999-10-30,1.0437585
1999-11-03,1.9025218
1999-11-06,4.4952445
1999-11-10,10.0
1999-11-13,2.1962793
1999-11-17,4.6124864
1999-11-20,2.5
1999-11-24,1.9792993
1999-11-27,2.1652954
1999-12-01,4.1286197
1999-12-04,10.0
1999-12-08,0.8553625
1999-12-11,0.5877159
1999-12-15,0.6309056
1999-12-18,2.1195204
1999-12-22,1.9505212
1999-12-25,5.0
1999-12-29,1.7834998
2000-01-01,5.0
2000-01-05,1.81587
2000-01-08,2.5
2000-01-12,1.9224945
2000-01-15,4.4227276
2000-01-19,2.0
2000-01-22,2.1030414
2000-01-26,1.7932492
2000-01-29,2.5
2000-02-02,1.9604676
2000-02-05,5.0
2000-02-09,1.6653109
2000-02-12,1.9641824
2000-02-16,5.0
2000-02-19,0.3614234
2000-02-23,0.9321727
2000-02-26,2.013678
2000-03-01,1.5669186
2000-03-04,1.9697607
2000-03-08,4.1856885
2000-03-11,7.5277505
2000-03-15,11.401904
2000-03-18,2.1022613
2000-03-22,5.0
2000-03-25,2.223122
2000-03-29,1.8920289
2000-04-01,4.4332814
2000-04-05,2.0
2000-04-08,1.9286702
2000-04-12,2.0134501
2000-04-15,2.1631186
2000-04-19,4.4057326
2000-04-22,7.44285
2000-04-26,12.0
2000-04-29,5.0
2000-05-03,2.0072703
2000-05-06,4.4351497
2000-05-10,7.713394
2000-05-13,11.485831
2000-05-17,2.0275135
2000-05-20,1.25
2000-05-24,1.8608816
2000-05-27,1.9967061
2000-05-31,4.0773964
2000-06-03,5.0
2000-06-07,0.8198572
2000-06-10,2.0262787
2000-06-14,1.7681526
2000-06-17,5.0
2000-06-21,1.8298631
2000-06-24,1.9744197
2000-06-28,1.25
2000-07-01,1.9325349
2000-07-05,4.0759625
2000-07-08,3.3333335
2000-07-12,0.6666667
2000-07-15,2.0873804
2000-07-19,4.415029
2000-07-22,10.0
2000-07-26,2.0
2000-07-29,0.6666667
2000-08-02,1.4176999
2000-08-05,3.988679
2000-08-09,10.0
2000-08-12,1.994457
2000-08-16,4.364552
2000-08-19,10.0
2000-08-23,1.0
2000-08-26,2.1268973
2000-08-30,2.5
2000-09-02,0.5
2000-09-06,2.0
2000-09-09,1.793608
2000-09-13,2.5
2000-09-16,2.264573
2000-09-20,1.756602
2000-09-23,4.1498346
2000-09-27,7.5360923
2000-09-30,15.0
2000-10-04,0.6666667
2000-10-07,2.1989636
2000-10-11,5.0
2000-10-14,2.0425565
2000-10-18,2.0
2000-10-21,0.5639337
2000-10-25,1.0
2000-10-28,2.0703664
2000-11-01,5.0
2000-11-04,1.0
2000-11-08,1.7888714
2000-11-11,5.0
2000-11-15,1.8403625
2000-11-18,5.0
2000-11-22,2.0
2000-11-25,1.9320112
2000-11-29,3.9329367
2000-12-02,3.3333335
2000-12-06,0.6666667
2000-12-09,2.0018027
2000-12-13,2.0
2000-12-16,0.5
2000-12-20,2.0
2000-12-23,2.0379982
2000-12-27,1.0
2000-12-30,2.0
2001-01-03,1.6164176
2001-01-06,5.0
2001-01-10,1.7788068
2001-01-13,5.0
2001-01-17,1.5236024
2001-01-20,3.6068532
2001-01-24,5.0
2001-01-27,2.199247
2001-01-31,4.5136557
2001-02-03,10.0
2001-02-07,1.0
2001-02-10,2.0240347
2001-02-14,5.0
2001-02-17,1.0
2001-02-21,1.7988554
2001-02-24,2.5
2001-02-28,2.0
2001-03-03,1.0
2001-03-07,2.0
2001-03-10,0.6666667
2001-03-14,1.8345131
2001-03-17,2.5
2001-03-21,2.0
2001-03-24,1.847963
2001-03-28,4.046247
2001-03-31,7.357887
2001-04-04,12.0
2001-04-07,2.0107474
2001-04-11,4.138199
2001-04-14,10.0
2001-04-18,1.0
2001-04-21,1.9634804
2001-04-25,4.237051
2001-04-28,7.47365
2001-05-02,6.0
2001-05-05,2.194666
2001-05-09,1.0
2001-05-12,1.0
2001-05-16,1.7551043
2001-05-19,3.9635527
2001-05-23,10.0
2001-05-26,1.0
2001-05-30,2.0
2001-06-02,2.0
2001-06-06,1.6231174
2001-06-09,3.876952
2001-06-13,6.6793237
2001-06-16,10.061397
2001-06-20,4.6144257
2001-06-23,0.6666667
2001-06-27,2.0
2001-06-30,2.0
2001-07-04,2.0
2001-07-07,2.0
2001-07-11,2.0
2001-07-14,2.0013177
2001-07-18,5.0
2001-07-21,2.0
2001-07-25,1.6590937
2001-07-28,5.0
2001-08-01,2.0
2001-08-04,1.8761092
2001-08-08,4.0443406
2001-08-11,10.0
2001-08-15,1.7987176
2001-08-18,5.0
2001-08-22,2.0
2001-08-25,2.0
2001-08-29,1.59415
2001-09-01,5.0
2001-09-05,1.6823748
2001-09-08,5.0
2001-09-12,2.0
2001-09-15,1.9299718
2001-09-19,4.049252
2001-09-22,5.0
2001-09-26,1.6407171
2001-09-29,3.879973
2001-10-03,10.0
2001-10-06,2.0
2001-10-10,1.741984
2001-10-13,5.0
2001-10-17,1.9386076
2001-10-20,4.445329
2001-10-24,10.0
2001-10-27,2.1815789
2001-10-31,1.8806231
2001-11-03,5.0
2001-11-07,2.0
2001-11-10,0.5
2001-11-14,2.0
2001-11-17,1.948071
2001-11-21,5.0
2001-11-24,1.8753392
2001-11-28,5.0
2001-12-01,1.0
2001-12-05,2.0
2001-12-08,1.7370048
2001-12-12,5.0
2001-12-15,2.0
2001-12-19,2.0
2001-12-22,2.0525644
2001-12-26,1.0
2001-12-29,2.0404751
2002-01-02,1.5980188
2002-01-05,4.0105076
2002-01-09,2.5
2002-01-12,2.0
2002-01-16,1.7785516
2002-01-19,1.6666667
2002-01-23,2.0
2002-01-26,1.8598366
2002-01-30,3.8951797
2002-02-02,7.2108736
2002-02-06,6.0
2002-02-09,2.0690293
2002-02-13,1.8152828
2002-02-16,5.0
2002-02-20,0.4
2002-02-23,1.0551599
2002-02-27,2.0
2002-03-02,1.9004294
2002-03-06,3.9356499
2002-03-09,5.0
2002-03-13,2.0
2002-03-16,2.0
2002-03-20,2.0
2002-03-23,1.0
2002-03-27,2.0
2002-03-30,1.0366569
2002-04-03,1.7381804
2002-04-06,4.02128
2002-04-10,10.0
2002-04-13,2.1550155
2002-04-17,5.0
2002-04-20,1.0
2002-04-24,1.7993066
2002-04-27,5.0
2002-05-01,2.0
2002-05-04,2.0409894
2002-05-08,4.207191
2002-05-11,7.2498994
2002-05-15,2.4
2002-05-18,2.0
2002-05-22,1.0
2002-05-25,1.8898289
2002-05-29,3.7917738
2002-06-01,10.0
2002-06-05,2.0
2002-06-08,2.0
2002-06-12,1.569622
2002-06-15,3.9555714
2002-06-19,6.5945215
2002-06-22,12.0
2002-06-26,2.0
2002-06-29,2.0114572
2002-07-03,4.060884
2002-07-06,10.0
2002-07-10,1.0
2002-07-13,2.0
2002-07-17,0.6666667
2002-07-20,1.839037
2002-07-24,5.0
2002-07-27,1.0
2002-07-31,2.0
2002-08-03,2.0
2002-08-07,1.5260214
2002-08-10,2.5
2002-08-14,2.0
2002-08-17,2.0
2002-08-21,0.5
2002-08-24,1.0
2002-08-28,1.6339453
2002-08-31,3.5666747
2002-09-04,10.0
2002-09-07,0.6666667
2002-09-11,2.0
2002-09-14,2.0
2002-09-18,1.7664617
2002-09-21,3.8914855
2002-09-25,5.0
2002-09-28,2.0
2002-10-02,2.0
2002-10-05,1.0
2002-10-09,1.0
2002-10-12,2.0
2002-10-16,1.6682025
2002-10-19,3.8918433
2002-10-23,2.5
2002-10-26,2.0
2002-10-30,2.0
2002-11-02,1.5807883
2002-11-06,2.5
2002-11-09,1.0
2002-11-13,2.1141233
2002-11-16,4.229893
2002-11-20,5.0
2002-11-23,1.0
2002-11-27,2.0
2002-11-30,1.0
2002-12-04,1.4763966
2002-12-07,5.0
2002-12-11,2.0
2002-12-14,1.7261847
2002-12-18,3.8204684
2002-12-21,10.0
2002-12-25,1.9423821
2002-12-28,5.0
2003-01-01,1.8973393
2003-01-04,1.25
2003-01-08,1.5798839
2003-01-11,5.0
2003-01-15,2.0
2003-01-18,1.6116616
2003-01-22,2.5
2003-01-25,2.0
2003-01-29,2.2826362
2003-02-01,5.0
2003-02-05,0.6666667
2003-02-08,1.0
2003-02-12,2.0
2003-02-15,1.612105
2003-02-19,3.5241363
2003-02-22,10.0
2003-02-26,1.4358774
2003-03-01,1.0
2003-03-05,2.0
2003-03-08,0.6666667
2003-03-12,2.0
2003-03-15,1.7616942
2003-03-19,2.5
2003-03-22,1.7689445
2003-03-26,5.0
2003-03-29,2.0
2003-04-02,1.0
2003-04-05,2.0
2003-04-09,2.0
2003-04-12,1.3930434
2003-04-16,5.0
2003-04-19,0.6666667
2003-04-23,2.0
2003-04-26,2.0
2003-04-30,2.0
2003-05-03,1.7287447
2003-05-07,3.819761
2003-05-10,10.0
2003-05-14,2.0
2003-05-17,1.8315945
2003-05-21,1.6666667
2003-05-24,0.5
2003-05-28,1.6242924
2003-05-31,3.6429107
2003-06-04,10.0
2003-06-07,2.0
2003-06-11,1.0
2003-06-14,2.0
2003-06-18,1.6243778
2003-06-21,3.7753532
2003-06-25,5.0
2003-06-28,1.0
2003-07-02,1.0
2003-07-05,1.0
2003-07-09,1.0
2003-07-12,1.5552484
2003-07-16,3.5278077
2003-07-19,5.0
2003-07-23,0.0
2003-07-26,5.0
2003-07-30,2.0
2003-08-02,1.6745929
2003-08-06,5.0
2003-08-09,0.6666667
2003-08-13,0.4
2003-08-16,1.6005123
2003-08-20,2.5
2003-08-23,0.5
2003-08-27,1.0
2003-08-30,2.0
2003-09-03,2.0
2003-09-06,1.728162
2003-09-10,5.0
2003-09-13,1.0
2003-09-17,1.4215641
2003-09-20,3.4644651
2003-09-24,5.0
2003-09-27,1.6806448
2003-10-01,3.7602382
2003-10-04,10.0
2003-10-08,1.0
2003-10-11,1.5742561
2003-10-15,3.49937
2003-10-18,2.5
2003-10-22,0.6666667
2003-10-25,0.6666667
2003-10-29,1.6394936
2003-11-01,5.0
2003-11-05,2.0
2003-11-08,2.0
2003-11-12,2.0
2003-11-15,1.6770838
2003-11-19,3.4576647
2003-11-22,6.3337064
2003-11-26,3.0
2003-11-29,1.7637538
2003-12-03,3.5623255
2003-12-06,10.0
2003-12-10,2.0
2003-12-13,2.0
2003-12-17,1.4925656
2003-12-20,5.0
2003-12-24,0.6666667
2003-12-27,1.4339912
2003-12-31,3.7412817
2004-01-03,10.0
2004-01-07,1.5664812
2004-01-10,5.0
2004-01-14,1.2646706
2004-01-17,5.0
2004-01-21,1.5468646
2004-01-24,2.5
2004-01-28,1.4572794
2004-01-31,5.0
2004-02-04,1.6266534
2004-02-07,2.5
2004-02-11,2.0
2004-02-14,0.6666667
2004-02-18,1.6219993
2004-02-21,5.0
2004-02-25,2.0
2004-02-28,1.5987278
2004-03-03,3.3181708
2004-03-06,5.0
2004-03-10,1.7182153
2004-03-13,2.5
2004-03-17,1.5868047
2004-03-20,1.25
2004-03-24,1.4266253
2004-03-27,2.5
2004-03-31,2.0
2004-04-03,1.0
2004-04-07,0.6666667
2004-04-10,1.8112814
2004-04-14,3.341601
2004-04-17,5.0
2004-04-21,2.0
2004-04-24,1.0
2004-04-28,1.0
2004-05-01,1.0
2004-05-05,2.0
2004-05-08,1.6011609
2004-05-12,5.0
2004-05-15,1.8142637
2004-05-19,3.5952868
2004-05-22,10.0
2004-05-26,1.6268404
2004-05-29,5.0
2004-06-02,4.693708
2004-06-05,10.929379
2004-06-09,7.220015
2004-06-12,12.5
2004-06-16,2.480386
2004-06-19,5.833699
2004-06-23,5.750256
2004-06-26,4.601031
2004-06-30,10.40881
2004-07-03,8.62651
2004-07-07,4.311833
2004-07-10,4.745927
2004-07-14,9.998288
2004-07-17,4.637991
2004-07-21,4.827158
2004-07-24,4.203448
2004-07-28,9.196751
2004-07-31,15.638262
2004-08-04,23.472754
2004-08-07,14.570262
2004-08-11,4.417591
2004-08-14,5.030987
2004-08-18,3.798696
2004-08-21,4.828581
2004-08-25,4.056901
2004-08-28,9.133816
2004-09-01,15.76088
2004-09-04,4.732639
2004-09-08,4.126517
2004-09-11,3.118184
2004-09-15,4.034872
2004-09-18,4.517143
2004-09-22,10.117734
2004-09-25,17.775713
2004-09-29,4.1191
2004-10-02,4.84193
2004-10-06,4.470581
2004-10-09,4.570085
2004-10-13,3.761729
2004-10-16,4.393129
2004-10-20,8.898279
2004-10-23,15.089227
2004-10-27,24.426785
2004-10-30,4.793803
2004-11-03,10.462374
2004-11-06,18.168976
2004-11-10,2.060848
2004-11-13,4.094446
2004-11-17,4.115649
2004-11-20,9.955558
2004-11-24,4.042994
2004-11-27,9.666864
2004-12-01,4.11165
2004-12-04,9.457126
2004-12-08,8.033623
2004-12-11,2.26827
2004-12-15,4.101753
2004-12-18,4.332876
2004-12-22,9.710303
2004-12-25,17.001701
2004-12-29,25.418295
2005-01-01,4.338338
2005-01-05,9.547216
2005-01-08,16.60304
2005-01-12,3.987081
2005-01-15,4.318105
2005-01-19,8.847069
2005-01-22,4.324627
2005-01-26,9.155047
2005-01-29,15.692664
2005-02-02,12.573158
2005-02-05,4.473538
2005-02-09,9.416731
2005-02-12,15.716573
2005-02-16,3.949983
2005-02-19,9.293734
2005-02-23,15.58039
2005-02-26,8.320346
2005-03-02,3.919874
2005-03-05,9.257479
2005-03-09,3.829006
2005-03-12,9.115565
2005-03-16,15.668263
2005-03-19,2.261855
2005-03-23,4.032499
2005-03-26,4.336029
2005-03-30,8.874042
2005-04-02,4.213781
2005-04-06,3.696119
2005-04-09,3.992775
2005-04-13,3.64146
2005-04-16,3.962653
2005-04-20,8.219447
2005-04-23,7.009441
2005-04-27,3.647759
2005-04-30,8.395798
2005-05-04,3.654441
2005-05-07,8.346087
2005-05-11,13.708929
2005-05-14,6.928044
2005-05-18,3.371785
2005-05-21,8.41787
2005-05-25,3.896634
2005-05-28,8.578879
2005-06-01,3.806352
2005-06-04,3.840105
2005-06-08,7.997435
2005-06-11,6.756695
2005-06-15,3.582283
2005-06-18,8.418095
2005-06-22,14.080414
2005-06-25,3.711701
2005-06-29,4.123782
2005-07-02,4.104012
2005-07-06,8.049018
2005-07-09,13.639797
2005-07-13,3.520939
2005-07-16,4.090816
2005-07-20,8.20777
2005-07-23,4.160571
2005-07-27,8.419318
2005-07-30,3.971446
2005-08-03,3.178542
2005-08-06,7.509872
2005-08-10,3.908736
2005-08-13,4.036336
2005-08-17,8.574413
2005-08-20,14.507724
2005-08-24,3.640169
2005-08-27,8.452232
2005-08-31,14.975642
2005-09-03,4.218737
2005-09-07,3.607049
2005-09-10,8.494138
2005-09-14,1.750693
2005-09-17,3.894935
2005-09-21,3.652956
2005-09-24,8.661807
2005-09-28,3.562218
2005-10-01,3.974775
2005-10-05,8.44027
2005-10-08,7.359178
2005-10-12,7.83131
2005-10-15,22.0
2005-10-19,10.813119
2005-10-22,26.217138
2005-10-26,54.294712
2005-10-29,4.687352
2005-11-02,4.238115
2005-11-05,9.690235
2005-11-09,16.840174
2005-11-12,27.227325
2005-11-16,4.293591
2005-11-19,4.771349
2005-11-23,3.856199
2005-11-26,9.046678
2005-11-30,15.21273
2005-12-03,23.925814
2005-12-07,3.772261
2005-12-10,10.0
2005-12-14,3.642604
2005-12-17,10.0
2005-12-21,4.125529
2005-12-24,9.866533
2005-12-28,15.427356
2005-12-31,4.821969
2006-01-04,9.802227
2006-01-07,4.277968
2006-01-11,3.904554
2006-01-14,9.032803
2006-01-18,14.594639
2006-01-21,7.478695
2006-01-25,3.868653
2006-01-28,4.519986
2006-02-01,4.290727
2006-02-04,4.303386
2006-02-08,3.901033
2006-02-11,8.658157
2006-02-15,14.657423
2006-02-18,4.085302
2006-02-22,9.076055
2006-02-25,3.845357
2006-03-01,3.891859
2006-03-04,4.552194
2006-03-08,3.772282
2006-03-11,8.536573
2006-03-15,14.271188
2006-03-18,4.159632
2006-03-22,8.508027
2006-03-25,4.145373
2006-03-29,3.641963
2006-04-01,8.066938
2006-04-05,14.06185
2006-04-08,5.460895
2006-04-12,3.809758
2006-04-15,8.368929
2006-04-19,3.361586
2006-04-22,8.04609
2006-04-26,3.796483
2006-04-29,8.447102
2006-05-03,13.971242
2006-05-06,4.163633
2006-05-10,3.693797
2006-05-13,8.385802
2006-05-17,3.614535
2006-05-20,8.228524
2006-05-24,3.30563
2006-05-27,7.5432
2006-05-31,12.777786
2006-06-03,19.756105
2006-06-07,14.913957
2006-06-10,4.392371
2006-06-14,9.565489
2006-06-17,16.110643
2006-06-21,3.869445
2006-06-24,3.958192
2006-06-28,3.450187
2006-07-01,8.108687
2006-07-05,13.536379
2006-07-08,21.52814
2006-07-12,3.810416
2006-07-15,8.381911
2006-07-19,6.949839
2006-07-22,4.033266
2006-07-26,3.498546
2006-07-29,8.191033
2006-08-02,13.919504
2006-08-05,21.527428
2006-08-09,33.394676
2006-08-12,10.805586
2006-08-16,3.902891
2006-08-19,9.140997
2006-08-23,3.510903
2006-08-26,4.277997
2006-08-30,9.02144
2006-09-02,3.853422
2006-09-06,8.104529
2006-09-09,14.284257
2006-09-13,22.915321
2006-09-16,4.520001
2006-09-20,4.000334
2006-09-23,9.157046
2006-09-27,15.690581
2006-09-30,8.214691
2006-10-04,2.024545
2006-10-07,1.547036
2006-10-11,3.685368
2006-10-14,2.96829
2006-10-18,1.961038
2006-10-21,4.652148
2006-10-25,3.876316
2006-10-28,8.997277
2006-11-01,15.210103
2006-11-04,24.17261
2006-11-08,9.916782
2006-11-11,3.891903
2006-11-15,3.877428
2006-11-18,2.944814
2006-11-22,3.693998
2006-11-25,8.409254
2006-11-29,13.809794
2006-12-02,4.230255
2006-12-06,3.23446
2006-12-09,3.757117
2006-12-13,3.440341
2006-12-16,7.927196
2006-12-20,13.203925
2006-12-23,4.26911
2006-12-27,8.056083
2006-12-30,6.776527
2007-01-03,3.549499
2007-01-06,4.163248
2007-01-10,3.594747
2007-01-13,3.786706
2007-01-17,3.362847
2007-01-20,8.160028
2007-01-24,4.588487
2007-01-27,3.837506
2007-01-31,7.875642
2007-02-03,3.984803
2007-02-07,4.203469
2007-02-10,3.955174
2007-02-14,3.680083
2007-02-17,8.096515
2007-02-21,6.815813
2007-02-24,3.874981
2007-02-28,7.815725
2007-03-03,3.932371
2007-03-07,3.044095
2007-03-10,7.260909
2007-03-14,12.266648
2007-03-17,18.0
2007-03-21,20.0
2007-03-24,8.752875
2007-03-28,18.190756
2007-03-31,30.274658
2007-04-04,19.39352
2007-04-07,4.460599
2007-04-11,3.801541
2007-04-14,4.123738
2007-04-18,3.848943
2007-04-21,8.692958
2007-04-25,7.075048
2007-04-28,4.226019
2007-05-02,9.088745
2007-05-05,15.013038
2007-05-09,3.57427
2007-05-12,7.510385
2007-05-16,12.980502
2007-05-19,10.359271
2007-05-23,25.0
2007-05-26,27.0
2007-05-30,30.0
2007-06-02,32.0
2007-06-06,17.5
2007-06-09,37.0
2007-06-13,20.0
2007-06-16,4.974318
2007-06-20,2.060664
2007-06-23,4.390454
2007-06-27,4.571605
2007-06-30,4.295399
2007-07-04,9.106612
2007-07-07,3.19808
2007-07-11,4.047459
2007-07-14,4.433409
2007-07-18,9.204567
2007-07-21,16.097816
2007-07-25,3.793572
2007-07-28,4.17001
2007-08-01,3.699727
2007-08-04,4.04579
2007-08-08,8.513066
2007-08-11,14.645423
2007-08-15,3.693404
2007-08-18,4.266716
2007-08-22,8.914117
2007-08-25,15.311928
2007-08-29,3.63348
2007-09-01,4.161716
2007-09-05,8.520784
2007-09-08,3.837205
2007-09-12,3.692294
2007-09-15,8.800833
2007-09-19,3.798021
2007-09-22,4.023391
2007-09-26,3.932659
2007-09-29,9.112094
2007-10-03,15.477335
2007-10-06,4.391292
2007-10-10,4.600201
2007-10-13,4.758907
2007-10-17,9.72175
2007-10-20,16.68234
2007-10-24,8.595324
2007-10-27,11.0
2007-10-31,9.718037
2007-11-03,15.0
2007-11-07,13.244374
2007-11-10,18.5
2007-11-14,4.405952
2007-11-17,10.090943
2007-11-21,16.677387
2007-11-24,12.512425
2007-11-28,3.937665
2007-12-01,9.116102
2007-12-05,3.781006
2007-12-08,8.458878
2007-12-12,3.87531
2007-12-15,4.169522
2007-12-19,8.620154
2007-12-22,14.514772
2007-12-26,20.200369
2007-12-29,28.049131
2008-01-02,37.344185
2008-01-05,4.514188
2008-01-09,9.435037
2008-01-12,16.039715
2008-01-16,24.5203
2008-01-19,4.538847
2008-01-23,9.476341
2008-01-26,16.081367
2008-01-30,24.226284
2008-02-02,4.19516
2008-02-06,4.511765
2008-02-09,4.281707
2008-02-13,8.982537
2008-02-16,4.259129
2008-02-20,8.739479
2008-02-23,14.578521
2008-02-27,3.8203
2008-03-01,7.973615
2008-03-05,3.793124
2008-03-08,4.334036
2008-03-12,3.663611
2008-03-15,4.06983
2008-03-19,3.994188
2008-03-22,8.752967
2008-03-26,14.569222
2008-03-29,3.799884
2008-04-02,3.499638
2008-04-05,4.13389
2008-04-09,4.629379
2008-04-12,2.097485
2008-04-16,3.80451
2008-04-19,4.169506
2008-04-23,8.48147
2008-04-26,14.225826
2008-04-30,1.808679
2008-05-03,3.917727
2008-05-07,8.192223
2008-05-10,13.612617
2008-05-14,3.643076
2008-05-17,8.183753
2008-05-21,3.010652
2008-05-24,3.87594
2008-05-28,8.233971
2008-05-31,1.979983
2008-06-04,3.617777
2008-06-07,8.533142
2008-06-11,14.230693
2008-06-14,21.904884
2008-06-18,25.0
2008-06-21,13.5
2008-06-25,30.0
2008-06-28,32.0
2008-07-02,3.93098
2008-07-05,8.741372
2008-07-09,3.963025
2008-07-12,9.039736
2008-07-16,7.3792
2008-07-19,4.394473
2008-07-23,9.093325
2008-07-26,15.467267
2008-07-30,23.954807
2008-08-02,35.79335
2008-08-06,22.572857
2008-08-09,4.671103
2008-08-13,10.135548
2008-08-16,16.725388
2008-08-20,1.875986
2008-08-23,3.929783
2008-08-27,8.626634
2008-08-30,15.299334
2008-09-03,3.840738
2008-09-06,8.888768
2008-09-10,15.240242
2008-09-13,4.394062
2008-09-17,3.480212
2008-09-20,8.402817
2008-09-24,14.713388
2008-09-27,23.314272
2008-10-01,35.36372
2008-10-04,4.333509
2008-10-08,9.580045
2008-10-11,4.594103
2008-10-15,9.702924
2008-10-18,4.398727
2008-10-22,9.475891
2008-10-25,16.493677
2008-10-29,26.053473
2008-11-01,40.441463
2008-11-05,4.137803
2008-11-08,9.444748
2008-11-12,4.112935
2008-11-15,2.969071
2008-11-19,4.394624
2008-11-22,9.65843
2008-11-26,16.281204
2008-11-29,12.678929
2008-12-03,4.005659
2008-12-06,4.576015
2008-12-10,9.219339
2008-12-13,4.407181
2008-12-17,3.82179
2008-12-20,1.331546
2008-12-24,4.855731
2008-12-27,9.214495
2008-12-31,15.905209
2009-01-03,7.478207
2009-01-07,3.874941
2009-01-10,8.53746
2009-01-14,14.610793
2009-01-17,22.300552
2009-01-21,34.90474
2009-01-24,14.817313
2009-01-28,4.266953
2009-01-31,10.579013
2009-02-04,4.102708
2009-02-07,9.470129
2009-02-11,16.051615
2009-02-14,25.742107
2009-02-18,39.05574
2009-02-21,12.574733
2009-02-25,4.297349
2009-02-28,10.164818
2009-03-04,16.889977
2009-03-07,2.25432
2009-03-11,3.984011
2009-03-14,4.581594
2009-03-18,1.979992
2009-03-21,4.448017
2009-03-25,3.993367
2009-03-28,4.645196
2009-04-01,3.873466
2009-04-04,4.463332
2009-04-08,9.121593
2009-04-11,15.267589
2009-04-15,3.68361
2009-04-18,8.424047
2009-04-22,14.155758
2009-04-25,21.61359
2009-04-29,32.91298
2009-05-02,4.39071
2009-05-06,9.147268
2009-05-09,16.091352
2009-05-13,25.122719
2009-05-16,39.621456
2009-05-20,49.85187
2009-05-23,4.071938
2009-05-27,8.948707
2009-05-30,2.157283
2009-06-03,4.056789
2009-06-06,8.832547
2009-06-10,15.26439
2009-06-13,24.202154
2009-06-17,3.754564
2009-06-20,9.013643
2009-06-24,7.532978
2009-06-27,4.184965
2009-07-01,3.522241
2009-07-04,8.292847
2009-07-08,14.261349
2009-07-11,21.595997
2009-07-15,10.77251
2009-07-18,4.377298
2009-07-22,3.899686
2009-07-25,8.792131
2009-07-29,15.032713
2009-08-01,23.54358
2009-08-05,17.29255
2009-08-08,4.500703
2009-08-12,9.585715
2009-08-15,8.160985
2009-08-19,3.809658
2009-08-22,4.360197
2009-08-26,3.668662
2009-08-29,4.178217
2009-09-02,3.633155
2009-09-05,4.13535
2009-09-09,3.605515
2009-09-12,8.444948
2009-09-16,14.028886
2009-09-19,20.409384
2009-09-23,3.441246
2009-09-26,7.656966
2009-09-30,12.432037
2009-10-03,2.032565
2009-10-07,1.714408
2009-10-10,3.624011
2009-10-14,1.617005
2009-10-17,3.802454
2009-10-21,7.713927
2009-10-24,6.20141
2009-10-28,1.952412
2009-10-31,3.839567
2009-11-04,7.310068
2009-11-07,11.668268
2009-11-11,3.191995
2009-11-14,7.167893
2009-11-18,3.144967
2009-11-21,7.283223
2009-11-25,11.270259
2009-11-28,16.128784
2009-12-02,21.876732
2009-12-05,14.315611
2009-12-09,3.531981
2009-12-12,4.005908
2009-12-16,8.419075
2009-12-19,6.689401
2009-12-23,3.539488
2009-12-26,7.498023
2009-12-30,12.055812
2010-01-02,16.668274
2010-01-06,3.297909
2010-01-09,7.141235
2010-01-13,3.626408
2010-01-16,7.992506
2010-01-20,12.561198
2010-01-23,20.0
2010-01-27,3.500926
2010-01-30,3.945156
2010-02-03,8.018692
2010-02-06,12.51845
2010-02-10,3.520466
2010-02-13,3.846982
2010-02-17,3.701542
2010-02-20,7.671814
2010-02-24,3.08817
2010-02-27,6.872366
2010-03-03,11.105293
2010-03-06,16.137486
2010-03-10,22.094007
2010-03-13,30.161594
2010-03-17,34.70037
2010-03-20,20.664574
2010-03-24,3.701103
2010-03-27,4.36217
2010-03-31,3.865774
2010-04-03,8.365405
2010-04-07,12.917987
2010-04-10,9.039859
2010-04-14,3.551365
2010-04-17,3.883865
2010-04-21,7.923683
2010-04-24,1.960327
2010-04-28,3.463027
2010-05-01,3.629436
2010-05-05,3.446742
2010-05-08,7.769953
2010-05-12,3.692583
2010-05-15,1.80789
2010-05-19,3.544932
2010-05-22,7.656826
2010-05-26,5.88739
2010-05-29,3.901392
2010-06-02,7.654827
2010-06-05,12.356808
2010-06-09,3.381493
2010-06-12,7.199442
2010-06-16,5.476099
2010-06-19,3.488059
2010-06-23,7.176228
2010-06-26,11.358901
2010-06-30,16.09638
2010-07-03,3.457935
2010-07-07,3.250132
2010-07-10,7.329168
2010-07-14,11.255273
2010-07-17,3.5464427
2010-07-21,7.034303
2010-07-24,11.124157
2010-07-28,15.611639
2010-07-31,3.8002355
2010-08-04,7.121635
2010-08-07,11.401643
2010-08-11,2.948187
2010-08-14,3.3409216
2010-08-18,6.6901865
2010-08-21,3.4329264
2010-08-25,3.0687664
2010-08-28,6.671048
2010-09-01,10.974417
2010-09-04,16.050587
2010-09-08,3.2019835
2010-09-11,3.012787
2010-09-15,6.548664
2010-09-18,1.8000096
2010-09-22,3.1165724
2010-09-25,6.732573
2010-09-29,3.0295758
2010-10-02,6.910477
2010-10-06,3.3463287
2010-10-09,7.307885
2010-10-13,11.023074
2010-10-16,3.7754285
2010-10-20,7.1770387
2010-10-23,11.684676
2010-10-27,16.008375
2010-10-30,21.48165
2010-11-03,3.1580691
2010-11-06,7.2963142
2010-11-10,11.435654
2010-11-13,16.087109
2010-11-17,5.134219
2010-11-20,11.170504
2010-11-24,17.173428
2010-11-27,15.0
2010-12-01,3.543934
2010-12-04,7.643547
2010-12-08,3.0751188
2010-12-11,6.773258
2010-12-15,1.5042766
2010-12-18,3.5144532
2010-12-22,7.0956397
2010-12-25,3.2704754
2010-12-29,3.0246563
2011-01-01,3.3333898
2011-01-05,2.8915062
2011-01-08,3.4576986
2011-01-12,6.790272
2011-01-15,3.6625197
2011-01-19,2.8463418
2011-01-22,3.1701586
2011-01-26,3.0246055
2011-01-29,6.8151245
2011-02-02,10.604075
2011-02-05,15.487535
2011-02-09,20.405788
2011-02-12,26.500624
2011-02-16,33.112175
2011-02-19,20.663498
2011-02-23,3.434042
2011-02-26,7.662941
2011-03-02,3.4259593
2011-03-05,7.658647
2011-03-09,3.0942647
2011-03-12,7.002971
2011-03-16,3.077632
2011-03-19,3.5222
2011-03-23,2.8997092
2011-03-26,6.5665402
2011-03-30,3.1210876
2011-04-02,7.1049137
2011-04-06,3.0381007
2011-04-09,7.190791
2011-04-13,3.168025
2011-04-16,6.7807827
2011-04-20,10.82393
2011-04-23,15.347908
2011-04-27,3.185698
2011-04-30,3.3531628
2011-05-04,6.9814596
2011-05-07,5.60664
2011-05-11,3.2789373
2011-05-14,7.252813
2011-05-18,3.783611
2011-05-21,3.276853
2011-05-25,3.1443617
2011-05-28,1.6809125
2011-06-01,3.206205
2011-06-04,3.5454032
2011-06-08,2.9764426
2011-06-11,3.0591512
2011-06-15,6.221212
2011-06-18,3.3428996
2011-06-22,6.5984077
2011-06-25,10.772801
2011-06-29,15.023838
2011-07-02,20.155243
2011-07-06,25.705109
2011-07-09,32.26898
2011-07-13,41.332985
2011-07-16,3.822232
2011-07-20,7.821051
2011-07-23,3.3661273
2011-07-27,7.1730666
2011-07-30,3.3980076
2011-08-03,7.043108
2011-08-06,3.5749285
2011-08-10,7.077096
2011-08-13,3.7353303
2011-08-17,7.228907
2011-08-20,3.417576
2011-08-24,3.295027
2011-08-27,3.4896069
2011-08-31,3.3860972
2011-09-03,3.7128925
2011-09-07,7.2776275
2011-09-10,3.5585375
2011-09-14,7.1259174
2011-09-17,11.182494
2011-09-21,15.830408
2011-09-24,21.07187
2011-09-28,3.3773448
2011-10-01,3.8942454
2011-10-05,3.8511317
2011-10-08,3.982915
2011-10-12,7.8722987
2011-10-15,6.4492593
2011-10-19,3.7419531
2011-10-22,8.273712
2011-10-26,3.8295434
2011-10-29,4.067978
2011-11-02,7.989399
2011-11-05,12.521298
2011-11-09,17.2512
2011-11-12,22.742445
2011-11-16,30.0
2011-11-19,3.5422707
2011-11-23,7.293206
2011-11-26,11.790541
2011-11-30,3.461496
2011-12-03,7.678066
2011-12-07,11.810088
2011-12-10,3.5907962
2011-12-14,7.420259
2011-12-17,3.5904958
2011-12-21,7.4546504
2011-12-24,12.653305
2011-12-28,16.871895
2011-12-31,22.442364
2012-01-04,3.052345
2012-01-07,6.732159
2012-01-11,10.703509
2012-01-14,15.032161
2012-01-18,19.496895
2012-01-21,24.907026
2012-01-25,3.4362612
2012-01-28,1.845845
2012-02-01,2.9732838
2012-02-04,6.663534
2012-02-08,10.847696
2012-02-11,15.57478
2012-02-15,3.3016114
2012-02-18,3.5170715
2012-02-22,7.1666894
2012-02-25,11.521899
2012-02-29,1.0
2012-03-03,4.032657
2012-03-07,3.7280254
2012-03-10,8.103796
2012-03-14,12.006715
2012-03-17,3.9038396
2012-03-21,7.9181156
2012-03-24,3.912317
2012-03-28,7.845281
2012-03-31,4.3400626
2012-04-04,8.2148285
2012-04-07,12.956563
2012-04-11,1.0790411
2012-04-14,3.709703
2012-04-18,7.2283497
2012-04-21,11.39222
2012-04-25,15.780924
2012-04-28,3.7728584
2012-05-02,7.49349
2012-05-05,11.847336
2012-05-09,16.321093
2012-05-12,21.405058
2012-05-16,2.881454
2012-05-19,6.7701864
2012-05-23,10.500525
2012-05-26,15.000568
2012-05-30,19.976362
2012-06-02,25.492252
2012-06-06,3.5571606
2012-06-09,4.024155
2012-06-13,7.657866
2012-06-16,12.07075
2012-06-20,16.26004
2012-06-23,21.298456
2012-06-27,26.285936
2012-06-30,16.194489
2012-07-04,3.2211297
2012-07-07,7.266294
2012-07-11,3.18054
2012-07-14,7.0644794
2012-07-18,10.998364
2012-07-21,3.7131422
2012-07-25,7.3884635
2012-07-28,11.799352
2012-08-01,16.0315
2012-08-04,20.595404
2012-08-08,25.168179
2012-08-11,30.66365
2012-08-15,1.5
2012-08-18,3.4272628
2012-08-22,3.4340506
2012-08-25,3.3203762
2012-08-29,3.3366225
2012-09-01,3.7216783
2012-09-05,3.2974713
2012-09-08,3.5703156
2012-09-12,3.6044357
2012-09-15,3.7086475
2012-09-19,1.624352
2012-09-22,3.781468
2012-09-26,3.2947302
2012-09-29,3.8759024
2012-10-03,7.4392314
2012-10-06,11.864072
2012-10-10,7.943131
2012-10-13,1.7961117
2012-10-17,3.1751416
2012-10-20,7.185484
2012-10-24,10.754187
2012-10-27,15.111887
2012-10-31,19.469366
2012-11-03,24.967752
2012-11-07,30.887938
2012-11-10,37.942814
2012-11-14,45.67726
2012-11-17,3.9071243
2012-11-21,7.652677
2012-11-24,3.7531333
2012-11-28,7.3526025
2012-12-01,11.7521305
2012-12-05,16.252617
2012-12-08,21.254833
2012-12-12,3.3969662
2012-12-15,3.6274848
2012-12-19,3.2871003
2012-12-22,7.5140905
2012-12-26,11.154817
2012-12-29,15.54683
2013-01-02,3.4631636
2013-01-05,3.62835
2013-01-09,7.2164693
2013-01-12,11.408255
2013-01-16,15.689035
2013-01-19,3.3168433
2013-01-23,3.0
2013-01-26,3.5441487
2013-01-30,3.181429
2013-02-02,7.085216
2013-02-06,11.062987
2013-02-09,3.7930348
2013-02-13,3.6009364
2013-02-16,7.5687914
2013-02-20,11.634302
2013-02-23,16.403984
2013-02-27,21.44762
2013-03-02,30.0
2013-03-06,3.1091595
2013-03-09,7.0197425
2013-03-13,3.0434473
2013-03-16,6.887917
2013-03-20,10.81002
2013-03-23,15.016745
2013-03-27,19.40129
2013-03-30,24.847801
2013-04-03,30.308022
2013-04-06,36.65932
2013-04-10,44.656345
2013-04-13,15.853472
2013-04-17,3.622125
2013-04-20,7.770186
2013-04-24,12.21813
2013-04-27,17.443274
2013-05-01,3.5790837
2013-05-04,7.8723197
2013-05-08,12.026612
2013-05-11,17.026623
2013-05-15,3.2266116
2013-05-18,3.6951396
2013-05-22,7.30317
2013-05-25,11.615208
2013-05-29,3.3519614
2013-06-01,3.5726118
2013-06-05,7.1112256
2013-06-08,3.5847902
2013-06-12,7.0417624
2013-06-15,10.999892
2013-06-19,15.222777
2013-06-22,3.1323216
2013-06-26,6.667227
2013-06-29,11.021537
2013-07-03,14.932222
2013-07-06,9.866535
2013-07-10,3.0
2013-07-13,3.4775586
2013-07-17,6.974577
2013-07-20,11.06289
2013-07-24,1.5
2013-07-27,3.3570547
2013-07-31,7.036047
2013-08-03,1.683852
2013-08-07,3.0967162
2013-08-10,6.858653
2013-08-14,3.197183
2013-08-17,3.3770046
2013-08-21,3.0906634
2013-08-24,6.7850375
2013-08-28,10.450907
2013-08-31,14.797843
2013-09-04,2.6615229
2013-09-07,6.383095
2013-09-11,10.109708
2013-09-14,7.4461026
2013-09-18,5.0
2013-09-21,9.0
2013-09-25,13.0
2013-09-28,17.0
2013-10-02,20.716883
2013-10-05,26.079988
2013-10-09,31.894363
2013-10-12,40.0
2013-10-16,5.0
2013-10-19,7.4591255
2013-10-23,11.310808
2013-10-26,15.524839
2013-10-30,20.223183
2013-11-02,5.0
2013-11-06,7.7046547
2013-11-09,12.2451515
2013-11-13,15.8379545
2013-11-16,20.113058
2013-11-20,5.0
2013-11-23,7.0
2013-11-27,10.800211
2013-11-30,14.997471
2013-12-04,19.09424
2013-12-07,1.6666667
2013-12-11,5.0
2013-12-14,7.159544
2013-12-18,5.0
2013-12-21,7.0
2013-12-25,12.258549
2013-12-28,8.191995
2014-01-01,5.0
2014-01-04,5.0
2014-01-08,5.0
2014-01-11,2.5
2014-01-15,5.0
2014-01-18,7.0
2014-01-22,10.381
2014-01-25,5.0
2014-01-29,7.0
2014-02-01,11.0316925
2014-02-05,5.0
2014-02-08,7.0
2014-02-12,9.809851
2014-02-15,13.828366
2014-02-19,17.356813
2014-02-22,5.0
2014-02-26,7.0
2014-03-01,5.0
2014-03-05,7.247826
2014-03-08,5.0
2014-03-12,7.2201095
2014-03-15,10.855907
2014-03-19,14.709492
2014-03-22,18.799377
2014-03-26,5.0
2014-03-29,7.133905
2014-04-02,3.6155236
2014-04-05,5.0
2014-04-09,7.0
2014-04-12,5.0
2014-04-16,7.0
2014-04-19,10.696454
2014-04-23,14.391135
2014-04-26,5.961177
2014-04-30,5.0
2014-05-03,1.75
2014-05-07,5.0
2014-05-10,7.0
2014-05-14,9.985307
2014-05-17,5.0
2014-05-21,7.0
2014-05-24,5.0
2014-05-28,7.0
2014-05-31,10.61462
2014-06-04,6.9864917
2014-06-07,5.0
2014-06-11,5.0
2014-06-14,7.0
2014-06-18,10.319368
2014-06-21,14.310994
2014-06-25,18.397959
2014-06-28,5.0
2014-07-02,5.0
2014-07-05,7.0
2014-07-09,9.70115
2014-07-12,13.216947
2014-07-16,5.0
2014-07-19,7.0
2014-07-23,5.0
2014-07-26,7.0
2014-07-30,9.931446
2014-08-02,13.688925
2014-08-06,5.0
2014-08-09,5.0
2014-08-13,7.0
2014-08-16,10.395606
2014-08-20,5.0
2014-08-23,5.0
2014-08-27,7.0
2014-08-30,2.5
2014-09-03,5.0
2014-09-06,7.0
2014-09-10,9.225611
2014-09-13,5.0
2014-09-17,2.5
2014-09-20,5.0
2014-09-24,7.0
2014-09-27,10.208505
2014-10-01,13.805045
2014-10-04,5.0
2014-10-08,7.0
2014-10-11,9.838033
2014-10-15,13.117449
2014-10-18,20.0
2014-10-22,5.0
2014-10-25,7.0
2014-10-29,9.861487
2014-11-01,13.640139
2014-11-05,5.0
2014-11-08,5.0
2014-11-12,7.0
2014-11-15,10.136196
2014-11-19,13.308336
2014-11-22,17.005154
2014-11-26,20.900536
2014-11-29,25.356897
2014-12-03,9.993955
2014-12-06,5.0
2014-12-10,7.0
2014-12-13,5.0
2014-12-17,3.5193672
2014-12-20,2.5
2014-12-24,5.5755243
2014-12-27,8.610471
2014-12-31,12.792511
2015-01-03,16.512589
2015-01-07,20.878927
2015-01-10,25.012192
2015-01-14,29.921736
2015-01-17,35.164528
2015-01-21,2.5
2015-01-24,5.0
2015-01-28,7.0
2015-01-31,10.052203
2015-02-04,5.0
2015-02-07,7.0
2015-02-11,10.004155
2015-02-14,13.8882265
2015-02-18,5.0
2015-02-21,5.0
2015-02-25,5.0
2015-02-28,5.0
2015-03-04,2.5
2015-03-07,5.0
2015-03-11,7.0
2015-03-14,10.030071
2015-03-18,14.792528
2015-03-21,20.434074
2015-03-25,24.894041
2015-03-28,30.051073
2015-04-01,5.827979
2015-04-04,5.0
2015-04-08,7.056298
2015-04-11,10.584398
2015-04-15,5.0
2015-04-18,7.0
2015-04-22,10.25815
2015-04-25,13.995756
2015-04-29,18.379135
2015-05-02,23.076561
2015-05-06,6.8807683
2015-05-09,5.0
2015-05-13,5.0
2015-05-16,7.0
2015-05-20,9.707953
2015-05-23,5.0
2015-05-27,7.0
2015-05-30,5.09438
2015-06-03,5.0
2015-06-06,7.0
2015-06-10,10.439582
2015-06-13,13.988578
2015-06-17,17.368141
2015-06-20,5.0
2015-06-24,7.0
2015-06-27,10.0242195
2015-07-01,13.675047
2015-07-04,17.618835
2015-07-08,21.649635
2015-07-11,25.765999
2015-07-15,30.579014
2015-07-18,35.611286
2015-07-22,20.532024
2015-07-25,5.0
2015-07-29,7.191238
2015-08-01,10.44257
2015-08-05,14.200838
2015-08-08,5.0
2015-08-12,7.0
2015-08-15,10.3059635
2015-08-19,13.828967
2015-08-22,9.052901
2015-08-26,5.0
2015-08-29,7.0
2015-09-02,5.0
2015-09-05,7.0
2015-09-09,5.0
2015-09-12,7.0
2015-09-16,9.402955
2015-09-19,12.989054
2015-09-23,16.614712
2015-09-26,21.146025
2015-09-30,25.113049
2015-10-03,30.0
2015-10-07,34.94524
2015-10-10,41.329475
2015-10-14,50.0
2015-10-17,64.0
2015-10-21,5.0
2015-10-24,7.8926363
2015-10-28,11.592118
2015-10-31,15.926751
2015-11-04,20.291563
2015-11-07,24.518435
2015-11-11,5.0
2015-11-14,5.0
2015-11-18,7.0
2015-11-21,10.346163
2015-11-25,14.674585
2015-11-28,19.643389
2015-12-02,5.0
2015-12-05,7.0215592
2015-12-09,10.646228
2015-12-12,14.519825
2015-12-16,5.0
2015-12-19,7.0
2015-12-23,11.686337
2015-12-26,15.857643
2015-12-30,20.061295
2016-01-02,23.846592
2016-01-06,5.0
2016-01-09,7.0342927
2016-01-13,5.0
2016-01-16,5.0
2016-01-20,7.0
2016-01-23,10.498159
2016-01-27,14.106813
2016-01-30,18.3082
2016-02-03,5.0
2016-02-06,7.0
2016-02-10,9.978047
2016-02-13,14.353217
2016-02-17,17.899311
2016-02-20,21.927454
2016-02-24,5.0
2016-02-27,3.6204357
2016-03-02,5.0
2016-03-05,7.0
2016-03-09,9.387172
2016-03-12,13.2597885
2016-03-16,5.0
2016-03-19,3.5
2016-03-23,5.0
2016-03-26,5.0
2016-03-30,7.0
2016-04-02,10.112201
2016-04-06,1.6231483
2016-04-09,5.0
2016-04-13,5.0
2016-04-16,7.0
2016-04-20,9.379557
2016-04-23,13.193262
2016-04-27,17.091814
2016-04-30,20.997902
2016-05-04,5.0
2016-05-07,5.0
2016-05-11,7.0
2016-05-14,9.80186
2016-05-18,13.238371
2016-05-21,5.0
2016-05-25,7.0
2016-05-28,9.824874
2016-06-01,5.0
2016-06-04,7.0
2016-06-08,5.0
2016-06-11,7.0
2016-06-15,9.332792
2016-06-18,12.803468
2016-06-22,5.0
2016-06-25,7.0
2016-06-29,5.0
2016-07-02,7.0
2016-07-06,9.383662
2016-07-09,5.0
2016-07-13,3.5
2016-07-16,5.0
2016-07-20,5.0
2016-07-23,5.0
2016-07-27,5.0
2016-07-30,7.0
2016-08-03,9.66468
2016-08-06,13.155583
2016-08-10,17.058147
2016-08-13,21.054565
2016-08-17,5.0
2016-08-20,7.0
2016-08-24,10.034039
2016-08-27,13.612423
2016-08-31,5.0
2016-09-03,5.0
2016-09-07,5.0
2016-09-10,5.0
2016-09-14,7.0
2016-09-17,9.714091
2016-09-21,5.0
2016-09-24,7.0
2016-09-28,9.183019
2016-10-01,12.646125
2016-10-05,16.257483
2016-10-08,20.531313
2016-10-12,5.0
2016-10-15,7.0
2016-10-19,9.665802
2016-10-22,13.045222
2016-10-26,16.310816
2016-10-29,20.22109
2016-11-02,23.866343
2016-11-05,30.0
2016-11-09,32.707355
2016-11-12,5.0
2016-11-16,7.0
2016-11-19,9.0
2016-11-23,12.539835
2016-11-26,16.956497
2016-11-30,21.029543
2016-12-03,12.371982
2016-12-07,5.0
2016-12-10,5.0
2016-12-14,7.0
2016-12-17,4.907399
2016-12-21,5.0
2016-12-24,7.7695627
2016-12-28,5.366705
2016-12-31,5.0
2017-01-04,7.0
2017-01-07,9.334795
2017-01-11,12.623519
2017-01-14,20.0
2017-01-18,22.0
2017-01-21,25.0
2017-01-25,5.0
2017-01-28,7.0
2017-02-01,9.49927
2017-02-04,12.885936
2017-02-08,5.0
2017-02-11,7.0
2017-02-15,9.543039
2017-02-18,13.05958
2017-02-22,8.163061
2017-02-25,5.0
2017-03-01,5.0
2017-03-04,2.3333335
2017-03-08,5.0
2017-03-11,7.0
2017-03-15,5.0
2017-03-18,7.0
2017-03-22,9.046417
2017-03-25,12.243921
2017-03-29,5.0
2017-04-01,7.0
2017-04-05,5.0
2017-04-08,7.0
2017-04-12,9.3593445
2017-04-15,5.0
2017-04-19,7.0
2017-04-22,9.0
2017-04-26,11.768895
2017-04-29,20.0
2017-05-03,22.0
2017-05-06,25.0
2017-05-10,30.0
2017-05-13,5.0
2017-05-17,7.0
2017-05-20,9.836209
2017-05-24,12.715949
2017-05-27,5.0
2017-05-31,7.0
2017-06-03,9.0
2017-06-07,12.023095
2017-06-10,20.0
2017-06-14,22.0
2017-06-17,5.0
2017-06-21,7.0
2017-06-24,9.424096
2017-06-28,4.2470536
2017-07-01,5.0
2017-07-05,7.0
2017-07-08,9.576383
2017-07-12,5.0
2017-07-15,5.0
2017-07-19,5.0
2017-07-22,5.0
2017-07-26,7.0
2017-07-29,4.762198
2017-08-02,5.0
2017-08-05,7.0
2017-08-09,9.623799
2017-08-12,6.437793
2017-08-16,5.0
2017-08-19,7.0
2017-08-23,5.0
2017-08-26,7.0
2017-08-30,9.569489
2017-09-02,12.964718
2017-09-06,16.042017
2017-09-09,5.0
2017-09-13,7.0
2017-09-16,9.007779
2017-09-20,6.1467175
2017-09-23,5.0
2017-09-27,5.0
2017-09-30,7.0
2017-10-04,9.0
2017-10-07,12.130741
2017-10-11,15.380843
2017-10-14,20.0
2017-10-18,23.685684
2017-10-21,30.0
2017-10-25,34.214348
2017-10-28,40.49795
2017-11-01,5.0
2017-11-04,3.5
2017-11-08,5.0
2017-11-11,7.0
2017-11-15,9.363835
2017-11-18,12.713928
2017-11-22,16.787682
2017-11-25,5.0
2017-11-29,5.0
2017-12-02,5.0
2017-12-06,1.75
2017-12-09,5.0
2017-12-13,7.0
2017-12-16,9.122047
2017-12-20,12.555889
2017-12-23,17.281744
2017-12-27,2.5
2017-12-30,2.5
2018-01-03,5.0
2018-01-06,5.0
2018-01-10,7.0
2018-01-13,9.171991
2018-01-17,12.3871765
2018-01-20,15.855728
2018-01-24,19.538
2018-01-27,23.324913
2018-01-31,5.0
2018-02-03,7.0
2018-02-07,9.0
2018-02-10,5.0
2018-02-14,7.03987
2018-02-17,5.0
2018-02-21,7.0
2018-02-24,9.04514
2018-02-28,12.506188
2018-03-03,5.0
2018-03-07,7.0
2018-03-10,9.693709
2018-03-14,13.007078
2018-03-17,16.850258
2018-03-21,20.481125
2018-03-24,5.0
2018-03-28,7.0
2018-03-31,5.0
2018-04-04,7.0
2018-04-07,10.485348
2018-04-11,13.746799
2018-04-14,20.0
2018-04-18,22.0
2018-04-21,26.05788
2018-04-25,30.53174
2018-04-28,5.0
2018-05-02,7.3748283
2018-05-05,10.815847
2018-05-09,14.214658
2018-05-12,18.091742
2018-05-16,10.985156
2018-05-19,2.5
2018-05-23,5.0
2018-05-26,7.0
2018-05-30,9.684326
2018-06-02,5.0
2018-06-06,7.0
2018-06-09,9.785891
2018-06-13,5.0
2018-06-16,7.0
2018-06-20,5.0
2018-06-23,7.0
2018-06-27,5.0
2018-06-30,7.0
2018-07-04,5.0
2018-07-07,7.0
2018-07-11,9.333581
2018-07-14,5.0
2018-07-18,7.0
2018-07-21,9.0
2018-07-25,6.1164565
2018-07-28,1.6666667
2018-08-01,5.0
2018-08-04,7.0
2018-08-08,9.151624
2018-08-11,12.721615
2018-08-15,20.0
2018-08-18,22.0
2018-08-22,24.533579
2018-08-25,30.0
2018-08-29,33.600464
2018-09-01,5.0
2018-09-05,7.0
2018-09-08,9.62087
2018-09-12,12.958507
2018-09-15,16.411774
2018-09-19,20.139044
2018-09-22,24.394844
2018-09-26,30.0
2018-09-29,33.29233
2018-10-03,40.0
2018-10-06,5.0
2018-10-10,7.0
2018-10-13,5.0
2018-10-17,5.0
2018-10-20,3.5
2018-10-24,5.0
2018-10-27,5.0
2018-10-31,7.0
2018-11-03,9.656932
2018-11-07,5.0
2018-11-10,5.0
2018-11-14,7.0
2018-11-17,9.335208
2018-11-21,12.42797
2018-11-24,16.367441
2018-11-28,19.813534
2018-12-01,5.0
2018-12-05,7.0
2018-12-08,9.211505
2018-12-12,12.273982
2018-12-15,7.9359865
2018-12-19,5.0
2018-12-22,7.0
2018-12-26,9.767181
2018-12-29,13.073606
2019-01-02,16.31928
2019-01-05,5.0
2019-01-09,7.0
2019-01-12,9.338588
2019-01-16,12.521459
2019-01-19,17.017878
2019-01-23,20.54965
2019-01-26,24.301575
2019-01-30,30.0
2019-02-02,33.3961
2019-02-06,5.0
2019-02-09,5.0
2019-02-13,5.0
2019-02-16,5.0
2019-02-20,7.0
2019-02-23,10.252605
2019-02-27,13.345152
2019-03-02,5.0
2019-03-06,7.0
2019-03-09,9.764803
2019-03-13,12.776098
2019-03-16,20.0
2019-03-20,11.0
2019-03-23,5.0
2019-03-27,5.0
2019-03-30,7.0
2019-04-03,10.1503935
2019-04-06,2.5
2019-04-10,5.0
2019-04-13,7.0
2019-04-17,9.035956
2019-04-20,13.454892
2019-04-24,5.0
2019-04-27,7.0
2019-05-01,5.0
2019-05-04,7.0
2019-05-08,9.268418
2019-05-11,12.575424
2019-05-15,15.752666
2019-05-18,5.0
2019-05-22,7.0
2019-05-25,9.0
2019-05-29,11.401704
2019-06-01,14.919256
2019-06-05,18.14799
2019-06-08,21.701954
2019-06-12,25.417532
2019-06-15,14.900824
2019-06-19,5.0
2019-06-22,7.0
2019-06-26,9.296638
2019-06-29,12.560434
2019-07-03,15.764627
2019-07-06,5.0
2019-07-10,7.0
2019-07-13,5.0
2019-07-17,7.0
2019-07-20,9.136367
2019-07-24,5.0
2019-07-27,7.0
2019-07-31,9.0
2019-08-03,5.0
2019-08-07,3.5
2019-08-10,5.0
2019-08-14,7.0
2019-08-17,9.0
2019-08-21,5.0
2019-08-24,5.0
2019-08-28,7.0
2019-08-31,3.0
2019-09-04,5.0
2019-09-07,5.0
2019-09-11,5.0
2019-09-14,5.0
2019-09-18,7.0
2019-09-21,9.0
2019-09-25,11.461076
2019-09-28,14.489829
2019-10-02,17.829418
2019-10-05,21.819061
2019-10-09,25.470953
2019-10-12,5.0
2019-10-16,7.0
2019-10-19,2.5
2019-10-23,5.0
2019-10-26,7.0
2019-10-30,9.0
2019-11-02,11.596804
2019-11-06,14.555764
2019-11-09,18.172995
2019-11-13,5.0
2019-11-16,7.0
2019-11-20,9.0
2019-11-23,11.0
2019-11-27,14.000319
2019-11-30,17.61306
2019-12-04,2.5
2019-12-07,5.0
2019-12-11,7.0
2019-12-14,9.0
2019-12-18,5.0
2019-12-21,7.0
2019-12-25,10.036742
2019-12-28,13.136229
2020-01-01,16.467012
2020-01-04,21.11426
2020-01-08,25.127626
2020-01-11,5.0
2020-01-15,5.0
2020-01-18,7.0
2020-01-22,5.0
2020-01-25,7.0
2020-01-29,9.0
2020-02-01,5.0
2020-02-05,7.0
2020-02-08,9.053761
2020-02-12,5.0
2020-02-15,5.0
2020-02-19,3.5
2020-02-22,5.0
2020-02-26,5.0
2020-02-29,7.0
2020-03-04,9.0
2020-03-07,11.436313
2020-03-11,5.0
2020-03-14,7.0
2020-03-18,9.0
2020-03-21,5.0
2020-03-25,7.0
2020-03-28,8.0
2020-04-01,9.0
2020-04-04,10.245369
2020-04-08,12.308037
2020-04-11,14.566149
2020-04-15,16.460052
2020-04-18,5.0
2020-04-22,6.0
2020-04-25,5.0
2020-04-29,6.0
2020-05-02,7.0
2020-05-06,8.145957
2020-05-09,10.670691
2020-05-13,13.030158
2020-05-16,15.76448
2020-05-20,18.371412
2020-05-23,21.4418
2020-05-27,24.36946
2020-05-30,5.0
2020-06-03,6.0
2020-06-06,5.0
2020-06-10,6.0
2020-06-13,7.5416775
2020-06-17,10.044914
2020-06-20,13.102902
2020-06-24,16.058552
2020-06-27,5.0
2020-07-01,6.0
2020-07-04,5.0
2020-07-08,6.0
2020-07-11,8.274617
2020-07-15,10.8576975
2020-07-18,14.041111
2020-07-22,8.5390835
2020-07-25,5.0
2020-07-29,5.0
2020-08-01,6.0
2020-08-05,8.026323
2020-08-08,11.170115
2020-08-12,14.387585
2020-08-15,17.40515
2020-08-19,5.0
2020-08-22,6.0
2020-08-26,5.0
2020-08-29,6.0
2020-09-02,7.9953933
2020-09-05,11.226616
2020-09-09,14.20551
2020-09-12,18.24399
2020-09-16,2.5
